,,,,,,,,,,,,,,,,,,,,,,,,,,,,,,,,,,,,,,,,,,,,,,,,,,,,,,,,,,,,,,,,,,,,,,,,,,,,,,,,,,,,,,,,,,,,,,,,,,,,,,,,,,,,,,,,,,,,,,,,,,,,,,,,DO NOT DELETE,,,,,,,,,,,,,,,,,,,,,,,,,,,,,8,8,8,8,8,8,8,8,8,,,,,,,,,,,,,,,,,,
"ARCAMED REAL ESTATE, LLC",,,,,,,,,,,,,,,,,,,,,,," Reoncile Management Fee annualy for Holladay: Based on 4.5% Cash Receipt for Accounts 400007, 401005, 401020 ",,,,,,,,,,,,,,,,,,,,,,,,,,,,,,,,,,,,,,,,,,,,,,,,,,,,,,,,,,,,,,,,,,,,,,,,,,,,,,,,,,,,,,,,,,,,,,,,,,,,,,,,,HIDDEN COLUMNS,,,,,,,,,,,,,,,,,,,,,,,,,,,,,YTD,YTD,YTD,YTD,YTD,YTD,YTD,YTD,YTD,,,,,,,,,,,,,,,,,,
Cat,Acc,Desc,,Acc,Desc,,DEC 16,DEC 17,,JAN '18,FEB '18,MAR '18,APR '18,MAY '18,JUN '18,JUL '18,AUG '18,SEP '18,OCT '18,NOV '18,DEC '18,,JAN '19,FEB '19,MAR '19,APR '19,MAY '19,JUN '19,JUL '19,AUG '19,SEP '19,OCT '19,NOV '19,DEC '19,,JAN '20,FEB '20,MAR '20,APR '20,MAY '20,JUN '20,JUL '20,AUG '20,SEP '20,OCT '20,NOV '20,DEC '20,,JAN '21,FEB '21,MAR '21,APR '21,MAY '21,JUN '21,JUL '21,AUG '21,SEP '21,OCT '21,NOV '21,DEC '21,,JAN '22,FEB '22,MAR '22,APR '22,MAY '22,JUN '22,JUL '22,AUG '22,SEP '22,OCT '22,NOV '22,DEC '22,,JAN '23,FEB '23,MAR '23,APR '23,MAY '23,JUN '23,JUL '23,AUG '23,SEP '23,OCT '23,NOV '23,DEC '23,,JAN '24,FEB '24,MAR '24,APR '24,MAY '24,JUN '24,JUL '24,AUG '24,SEP '24,OCT '24,NOV '24,DEC '24,,JAN '25,FEB '25,MAR '25,APR '25,MAY '25,JUN '25,JUL '25,AUG '25,SEP '25,OCT '25,NOV '25,DEC '25,,JAN '26,FEB '26,MAR '26,APR '26,MAY '26,JUN '26,JUL '26,AUG '26,SEP '26,OCT '26,NOV '26,DEC '26,,,,,,,,,,,,,,,,,,,,,,,,,,,,,,DEC 16,DEC 17,AUG '18,AUG '19,AUG '20,AUG '21,AUG '22,AUG '23,AUG '24,AUG '25,AUG '26,,,,,,,,,,,,,,,,,,
BSA1,1110-0000,Operating Cash 1,,100106,Cash Operating-The National Bank of Indianapolis,," 50,618.04 "," 3,442.52 ",," 24,280.96 "," 21,267.11 "," 33,670.90 "," 1,015.11 "," 22,666.08 "," 25,397.20 "," 36,039.08 "," 53,936.59 "," 155,880.91 "," 153,842.27 "," 45,476.54 "," 35,886.62 ",," 61,324.60 "," 59,660.13 "," 42,243.64 "," 90,253.66 "," 61,620.58 "," 84,121.84 "," 75,399.88 "," 113,481.20 "," 136,287.22 "," 93,713.04 "," 71,510.22 "," 65,766.63 ",," 36,154.57 "," 57,664.13 "," 81,539.71 "," 82,802.70 "," 92,859.87 "," 116,488.99 "," 78,929.77 "," 92,998.36 "," 118,229.78 "," 128,598.55 "," 93,756.97 "," 152,315.29 ",," 190,218.08 "," 207,591.54 "," 103,995.74 "," 58,370.46 "," 97,100.50 "," 73,110.53 "," 98,049.06 "," 119,208.94 "," 137,488.22 "," 158,900.47 "," 115,848.20 "," 71,513.25 ",," 109,857.69 "," 139,891.89 "," 160,953.94 "," 186,816.14 "," 146,104.08 "," 161,991.89 "," 169,995.64 "," 200,074.26 "," 226,593.39 "," 141,860.84 "," 112,802.27 "," 129,236.08 ",," 169,131.41 "," 205,082.23 "," 230,158.67 "," 264,560.31 "," 224,954.28 "," 229,339.22 "," 235,904.28 "," 235,272.79 "," 210,666.14 "," 219,160.48 "," 18,909.16 "," 35,540.52 ",," 32,271.86 "," 28,320.63 "," 43,222.31 "," 85,678.44 "," 19,037.79 "," 26,446.90 "," 55,834.23 "," 24,421.18 "," 33,821.61 "," 83,088.26 "," 27,952.24 "," 48,322.07 ",," 61,350.54 "," 63,197.56 "," 105,100.70 "," 129,649.76 "," 119,523.47 "," 137,462.28 "," 172,359.26 "," 158,674.19 "," 17,692.54 "," 52,169.05 "," 354,723.22 "," 379,139.05 ",," 391,043.71 "," 426,668.84 "," 469,484.39 "," 468,854.66 "," 414,891.10 "," 430,077.19 "," 441,189.35 "," 447,008.63 ",,,,,,,,,,,,,,,,,,,,,,,,,,,,,,,,,," 50,618.04 "," 3,442.52 "," 53,936.59 "," 113,481.20 "," 92,998.36 "," 119,208.94 "," 200,074.26 "," 235,272.79 "," 24,421.18 "," 158,674.19 "," 447,008.63 ",,,,,,,,,,,,,,,,,,
BSA4,1213-0000,Prepaid Insurance,,100705,Prepaid Property Insurance,," 6,468.55 "," 7,113.72 ",," 6,097.48 "," 5,081.24 "," 4,065.00 "," 3,048.76 "," 2,032.52 "," 1,016.28 ", -   ," 11,812.17 "," 10,738.34 "," 9,664.51 "," 10,790.68 "," 10,016.85 ",," 8,943.02 "," 7,569.19 "," 4,295.36 "," 3,221.53 "," 2,147.70 "," 1,073.87 "," 14,134.00 "," 12,956.16 "," 11,882.29 "," 10,600.44 "," 9,422.60 "," 8,244.76 ",," 7,066.92 "," 5,889.08 "," 4,711.24 "," 3,533.40 "," 2,355.56 "," 1,177.72 ", -   ," 13,528.16 "," 12,298.32 "," 11,068.48 "," 9,838.64 "," 8,608.80 ",," 7,378.96 "," 6,149.12 "," 4,919.28 "," 3,689.44 "," 2,459.60 "," 1,229.76 ", -   ,"(1,192.17)"," 11,921.66 "," 10,729.49 "," 9,537.32 "," 8,345.15 ",," 7,152.98 "," 5,960.81 "," 4,768.64 "," 3,576.47 "," 2,384.30 "," 1,192.13 "," 14,457.00 "," 13,252.25 "," 12,047.50 "," 10,842.75 "," 9,638.00 "," 8,433.25 ",," 7,228.50 "," 6,023.75 "," 4,819.00 "," 3,614.25 "," 2,409.50 "," 1,204.75 ", -   ," 13,076.25 "," 11,871.50 "," 10,666.75 "," 9,462.00 "," 8,330.58 ",," 7,140.50 "," 5,950.42 "," 4,760.34 "," 3,570.26 "," 2,380.18 "," 1,321.21 ", 821.13 ," 15,172.05 "," 13,981.97 "," 12,791.89 "," 10,491.81 "," 9,196.73 ",," 7,901.65 "," 6,475.46 "," 5,180.38 "," 3,885.30 "," 2,590.22 "," 1,295.14 ", 701.00 ," 19,448.88 "," 17,279.80 "," 15,811.72 "," 11,043.64 "," 9,575.56 ",," 8,107.48 "," 6,639.40 "," 5,171.32 "," 3,703.24 "," 2,976.57 ", 767.08 , -   ," 21,120.00 ",,,,,,,= Prepaid Property Insurance + Prepaid Other,,,,,,,,,,,,,,,,,,,,,,,,,,," 6,468.55 "," 7,113.72 "," 11,812.17 "," 12,956.16 "," 13,528.16 ","(1,192.17)"," 13,252.25 "," 13,076.25 "," 15,172.05 "," 19,448.88 "," 21,120.00 ",,,,,,,,,,,,,,,,,,
BSA2,1300-0000,Accounts Receivable,,100405,Accounts Receivable Tenant,,,,,, 90.95 , 573.14 , 327.99 ," 1,740.48 "," 1,327.35 ", 168.00 , -   ,, 75.00 ," 1,621.60 "," 6,608.49 ",," 1,889.12 "," 11,954.33 "," 18,198.78 "," 4,435.55 "," 6,826.72 "," 1,786.31 "," 4,770.91 "," 3,823.69 "," 4,122.64 "," 3,649.27 ", 147.00 , 616.44 ,," 4,358.72 "," 1,307.15 ", 875.30 ," 13,491.10 "," 28,740.27 "," 19,089.42 "," 16,156.28 "," 18,973.68 "," 14,884.88 "," 16,545.44 "," 1,826.98 "," 18,527.73 ",," 1,271.88 "," 7,825.85 "," 23,018.55 "," 20,893.86 "," 9,227.27 ",(499.09),"(3,025.34)"," 2,229.02 "," 2,016.17 ", 449.94 ," 5,035.55 ","(1,758.83)",,"(7,018.19)","(10,399.35)","(1,194.28)","(4,603.30)","(11,802.42)"," 1,318.65 ", 55.93 ,(116.63)," 2,467.30 "," 2,109.98 "," 1,597.24 "," 3,474.49 ",, 444.50 ," 6,966.92 "," 3,527.93 ", 876.14 ," 6,034.42 "," 3,950.83 "," 1,812.19 "," 3,508.86 "," 4,303.53 "," 3,923.19 "," 4,481.29 "," 2,176.64 ",," 4,384.58 "," 3,861.34 "," 1,785.08 "," 1,079.35 "," 11,446.28 "," 6,942.93 ","(1,821.03)",(105.16)," 6,253.92 "," 3,359.32 "," 7,273.48 "," 70,074.07 ",, 888.42 ," 6,639.79 "," 6,583.46 "," 1,789.61 "," 49,010.22 "," 49,995.84 "," 56,545.22 "," 34,033.83 "," 65,688.36 "," 59,330.02 "," 59,626.04 "," 58,450.11 ",," 62,636.22 "," 52,252.74 "," 45,708.01 "," 54,726.99 "," 50,263.05 "," 54,255.24 "," 69,736.78 "," 88,418.99 ",,,,,,,"=AR Tenant, ((plus AR Other,minus Inter Co AP - Other Entities) from row 23) plus 213.42",,,,,,,,,,,,,,,,,,,,,,,,,,, -   , -   , -   ," 3,823.69 "," 18,973.68 "," 2,229.02 ",(116.63)," 3,508.86 ",(105.16)," 34,033.83 "," 88,418.99 ",,,,,,,,,,,,,,,,,,
BSA3,1315-1000,PT Recoverable Charges,,,,," 10,531.07 "," 18,209.70 ",," 18,209.70 ", 93.00 , 93.00 ," 1,513.35 "," 1,606.35 ", 268.00 ,"(1,733.18)","(1,176.74)", 75.00 , 370.24 ," 5,407.00 ", 499.98 ,,,,,,,,,,,,,,,,,,,,,,,,,,,,,,,,,,,,,,,,,,,,,,,,,,,,,,,,,,,,,,,,,,,,,,,,,,,,,,,,,,,,,,,,,,,,,,,,,,,,,,,,,,,,,,,,,,,,,,,,,,,,,,,,,,,,,," 10,531.07 "," 18,209.70 ","(1,176.74)", -   , -   , -   , -   , -   , -   , -   , -   ,,,,,,,,,,,,,,,,,,
BSA12,1500-1000,Other Assets,,,,,,,,," 6,000.00 "," 6,000.00 "," 6,000.00 "," 6,000.00 "," 6,000.00 "," 6,000.00 "," 6,000.00 "," 6,000.00 "," 6,000.00 "," 6,000.00 ", -   ,,,,,,,,,,,,,,,,,,,,,,,,,,,,,,,," 2,005.90 ",,,,,,,,,,,,,,,,,,,,,,,,,,,,,,,,,,,,,,,,,,,,,,,,,,,,,,,,,," 5,248.75 "," 5,248.75 ",," 5,248.75 "," 5,248.75 "," 5,248.75 "," 5,248.75 "," 5,248.75 "," 5,248.75 "," 5,248.75 "," 8,356.70 ",,,,,,,=Prepaid Loan Fees,,,,,,,,,,,,,,,,,,,,,,,,,,, -   , -   ," 6,000.00 ", -   , -   , -   , -   , -   , -   , -   ," 8,356.70 ",,,,,,,,,,,,,,,,,,
BSA12,1500-2000,Acc Amort - Other Assets,,,,,,,,,(545.45),"(1,090.90)","(1,636.35)","(2,181.80)","(2,727.25)","(3,272.70)","(3,818.15)","(4,363.60)","(4,909.05)","(5,454.50)", -   ,,,,,,,,,,,,,,,,,,,,,,,,,,,,,,,,,,,,,,,,,,,,,,,,,,,,,,,,,,,,,,,,,,,,,,,,,,,,,,,,,,,,,,,,,,(23.20),(46.40),,(69.60),(92.80),(116.00),(139.20),(162.40),(185.60),(208.80),(69.64),,,,,,,=Prepaid Loan Fees Amortization,,,,,,,,,,,,,,,,,,,,,,,,,,, -   , -   ,"(3,818.15)", -   , -   , -   , -   , -   , -   , -   ,(69.64),,,,,,,,,,,,,,,,,,
BSA11,1610-0000,Land,,110105,Land,," 1,133,100.00 "," 1,133,100.00 ",," 1,133,100.00 "," 1,133,100.00 "," 1,133,100.00 "," 1,133,100.00 "," 1,133,100.00 "," 1,133,100.00 "," 1,133,100.00 "," 1,133,100.00 "," 1,133,100.00 "," 1,133,100.00 "," 1,133,100.00 "," 1,133,100.00 ",," 1,133,100.00 "," 1,133,100.00 "," 1,133,100.00 "," 1,133,100.00 "," 1,133,100.00 "," 1,133,100.00 "," 1,133,100.00 "," 1,133,100.00 "," 1,133,100.00 "," 1,133,100.00 "," 1,133,100.00 "," 1,133,100.00 ",," 1,133,100.00 "," 1,133,100.00 "," 1,133,100.00 "," 1,133,100.00 "," 1,133,100.00 "," 1,133,100.00 "," 1,133,100.00 "," 1,133,100.00 "," 1,133,100.00 "," 1,133,100.00 "," 1,133,100.00 "," 1,133,100.00 ",," 1,133,100.00 "," 1,133,100.00 "," 1,133,100.00 "," 1,133,100.00 "," 1,133,100.00 "," 1,133,100.00 "," 1,133,100.00 "," 1,133,100.00 "," 1,133,100.00 "," 1,133,100.00 "," 1,133,100.00 "," 1,133,100.00 ",," 1,133,100.00 "," 1,133,100.00 "," 1,133,100.00 "," 1,133,100.00 "," 1,133,100.00 "," 1,133,100.00 "," 1,133,100.00 "," 1,133,100.00 "," 1,133,100.00 "," 1,133,100.00 "," 1,133,100.00 "," 1,133,100.00 ",," 1,133,100.00 "," 1,133,100.00 "," 1,133,100.00 "," 1,133,100.00 "," 1,133,100.00 "," 1,133,100.00 "," 1,133,100.00 "," 1,133,100.00 "," 1,133,100.00 "," 1,133,100.00 "," 1,300,000.00 "," 1,300,000.00 ",," 1,300,000.00 "," 1,300,000.00 "," 1,300,000.00 "," 1,300,000.00 "," 1,300,000.00 "," 1,300,000.00 "," 1,300,000.00 "," 1,300,000.00 "," 1,300,000.00 "," 1,300,000.00 "," 1,300,000.00 "," 1,300,000.00 ",," 1,300,000.00 "," 1,300,000.00 "," 1,300,000.00 "," 1,300,000.00 "," 1,300,000.00 "," 1,300,000.00 "," 1,300,000.00 "," 1,300,000.00 "," 1,300,000.00 "," 1,300,000.00 "," 1,300,000.00 "," 1,300,000.00 ",," 1,300,000.00 "," 1,300,000.00 "," 1,300,000.00 "," 1,300,000.00 "," 1,300,000.00 "," 1,300,000.00 "," 1,300,000.00 "," 1,300,000.00 ",,,,,,,,,,,,,,,,,,,,,,,,,,,,,,,,,," 1,133,100.00 "," 1,133,100.00 "," 1,133,100.00 "," 1,133,100.00 "," 1,133,100.00 "," 1,133,100.00 "," 1,133,100.00 "," 1,133,100.00 "," 1,300,000.00 "," 1,300,000.00 "," 1,300,000.00 ",,,,,,,,,,,,,,,,,,
BSA12,1700-0000,Parking Lot,,110155,Parking Lot,,,,,,,,,,,,,,,,,,,,,,,,,,,,,,,,,,,,,,,,,,,,,,,,,,,,,,,,,,,,,,,,,,,,,,,,,,,,,,,,,,,,,,,,,,,,,,,,,,,,,,,,, -   ," 56,371.78 "," 56,371.78 ",," 56,371.78 "," 56,371.78 "," 56,371.78 "," 56,371.78 "," 56,371.78 "," 56,371.78 "," 56,371.78 "," 56,371.78 ",,,,,,,,,,,,,,,,,,,,,,,,,,,,,,,,,, -   , -   , -   , -   , -   , -   , -   , -   , -   , -   ," 56,371.78 ",,,,,,,,,,,,,,,,,,
BSA12,1700-0000,Building & Improvements,,110110,Building,," 2,690,236.00 "," 2,690,236.00 ",," 2,690,236.00 "," 2,690,236.00 "," 2,690,236.00 "," 2,690,236.00 "," 2,690,236.00 "," 2,690,236.00 "," 2,690,236.00 "," 2,690,236.00 "," 2,690,236.00 "," 2,690,236.00 "," 2,690,236.00 "," 2,690,236.00 ",," 2,690,236.00 "," 2,690,236.00 "," 2,690,236.00 "," 2,690,236.00 "," 2,690,236.00 "," 2,690,236.00 "," 2,690,236.00 "," 2,690,236.00 "," 2,690,236.00 "," 2,690,236.00 "," 2,690,236.00 "," 2,690,236.00 ",," 2,690,236.00 "," 2,690,236.00 "," 2,690,236.00 "," 2,690,236.00 "," 2,690,236.00 "," 2,690,236.00 "," 2,690,236.00 "," 2,690,236.00 "," 2,690,236.00 "," 2,690,236.00 "," 2,690,236.00 "," 2,690,236.00 ",," 2,690,236.00 "," 2,690,236.00 "," 2,690,236.00 "," 2,690,236.00 "," 2,690,236.00 "," 2,690,236.00 "," 2,690,236.00 "," 2,690,236.00 "," 2,690,236.00 "," 2,690,236.00 "," 2,690,236.00 "," 2,690,236.00 ",," 2,690,236.00 "," 2,690,236.00 "," 2,690,236.00 "," 2,690,236.00 "," 2,690,236.00 "," 2,690,236.00 "," 2,690,236.00 "," 2,690,236.00 "," 2,690,236.00 "," 2,690,236.00 "," 2,690,236.00 "," 2,690,236.00 ",," 2,690,236.00 "," 2,690,236.00 "," 2,690,236.00 "," 2,690,236.00 "," 2,690,236.00 "," 2,690,236.00 "," 2,690,236.00 "," 2,690,236.00 "," 2,690,236.00 "," 2,690,236.00 "," 2,690,236.00 "," 2,690,236.00 ",," 2,690,236.00 "," 2,690,236.00 "," 2,690,236.00 "," 2,690,236.00 "," 2,690,236.00 "," 2,690,236.00 "," 2,690,236.00 "," 2,690,236.00 "," 2,690,236.00 "," 2,690,236.00 "," 2,690,236.00 "," 2,690,236.00 ",," 2,690,236.00 "," 2,690,236.00 "," 2,690,236.00 "," 2,690,236.00 "," 2,690,236.00 "," 2,690,236.00 "," 2,690,236.00 "," 2,704,486.00 "," 2,851,157.00 "," 2,851,157.00 "," 2,851,157.00 "," 2,855,552.00 ",," 2,855,552.00 "," 2,855,552.00 "," 2,855,552.00 "," 2,855,552.00 "," 3,154,552.00 "," 3,154,552.00 "," 3,154,552.00 "," 3,154,552.00 ",,,,,,,=Building  + Buidling Improvements,,,,,,,,,,,,,,,,,,,,,,,,,,," 2,690,236.00 "," 2,690,236.00 "," 2,690,236.00 "," 2,690,236.00 "," 2,690,236.00 "," 2,690,236.00 "," 2,690,236.00 "," 2,690,236.00 "," 2,690,236.00 "," 2,704,486.00 "," 3,154,552.00 ",,,,,,,,,,,,,,,,,,
BSA12,1716-0000,Heating & Cooling System,,110115,Heating & Cooling,,,,,,,,,," 10,650.00 "," 10,650.00 "," 10,650.00 "," 10,650.00 "," 10,650.00 "," 10,650.00 "," 10,650.00 ",," 10,650.00 "," 10,650.00 "," 10,650.00 "," 10,650.00 "," 10,650.00 "," 10,650.00 "," 10,650.00 "," 10,650.00 "," 10,650.00 "," 10,650.00 "," 10,650.00 "," 10,650.00 ",," 10,650.00 "," 10,650.00 "," 10,650.00 "," 10,650.00 "," 10,650.00 "," 10,650.00 "," 10,650.00 "," 10,650.00 "," 10,650.00 "," 10,650.00 "," 10,650.00 "," 10,650.00 ",," 10,650.00 "," 10,650.00 "," 10,650.00 "," 10,650.00 "," 10,650.00 "," 10,650.00 "," 10,650.00 "," 10,650.00 "," 10,650.00 "," 10,650.00 "," 10,650.00 "," 10,650.00 ",," 10,650.00 "," 10,650.00 "," 10,650.00 "," 10,650.00 "," 10,650.00 "," 10,650.00 "," 10,650.00 "," 10,650.00 "," 10,650.00 "," 21,609.00 "," 21,609.00 "," 21,609.00 ",," 21,609.00 "," 21,609.00 "," 21,609.00 "," 21,609.00 "," 21,609.00 "," 21,609.00 "," 21,609.00 "," 21,609.00 "," 21,609.00 "," 21,609.00 "," 21,609.00 "," 21,609.00 ",," 21,609.00 "," 21,609.00 "," 21,609.00 "," 21,609.00 "," 21,609.00 "," 21,609.00 "," 21,609.00 "," 21,609.00 "," 21,609.00 "," 21,609.00 "," 21,609.00 "," 21,609.00 ",," 21,609.00 "," 37,160.00 "," 37,160.00 "," 37,160.00 "," 37,160.00 "," 37,160.00 "," 37,160.00 "," 37,160.00 "," 37,160.00 "," 37,160.00 "," 37,160.00 "," 37,160.00 ",," 37,160.00 "," 37,160.00 "," 37,160.00 "," 37,160.00 "," 37,160.00 "," 37,160.00 "," 37,160.00 "," 37,160.00 ",,,,,,,=Building Appliances,,,,,,,,,,,,,,,,,,,,,,,,,,, -   , -   ," 10,650.00 "," 10,650.00 "," 10,650.00 "," 10,650.00 "," 10,650.00 "," 21,609.00 "," 21,609.00 "," 37,160.00 "," 37,160.00 ",,,,,,,,,,,,,,,,,,
BSA12,1730-0000,Tenant Improvements,,110160,Tenant Improvements-1,, -   ," 132,503.00 ",," 132,503.00 "," 132,503.00 "," 132,503.00 "," 132,503.00 "," 132,503.00 "," 132,503.00 "," 132,503.00 "," 132,503.00 "," 132,503.00 "," 132,503.00 "," 132,503.00 "," 132,503.00 ",," 132,503.00 "," 132,503.00 "," 132,503.00 "," 132,503.00 "," 132,503.00 "," 132,503.00 "," 132,503.00 "," 132,503.00 "," 132,503.00 "," 132,503.00 "," 132,503.00 "," 132,503.00 ",," 132,503.00 "," 132,503.00 "," 132,503.00 "," 132,503.00 "," 132,503.00 "," 132,503.00 "," 132,503.00 "," 132,503.00 "," 132,503.00 "," 132,503.00 "," 132,503.00 "," 132,503.00 ",," 132,503.00 "," 132,503.00 "," 132,503.00 "," 132,503.00 "," 132,503.00 "," 132,503.00 "," 132,503.00 "," 132,503.00 "," 132,503.00 "," 132,503.00 "," 132,503.00 "," 132,503.00 ",," 132,503.00 "," 132,503.00 "," 132,503.00 "," 132,503.00 "," 132,503.00 "," 132,503.00 "," 132,503.00 "," 132,503.00 "," 132,503.00 "," 132,503.00 "," 132,503.00 "," 132,503.00 ",," 132,503.00 "," 132,503.00 "," 132,503.00 "," 132,503.00 "," 132,503.00 "," 132,503.00 "," 132,503.00 "," 132,503.00 "," 132,503.00 "," 132,503.00 "," 132,503.00 "," 132,503.00 ",," 133,968.00 "," 133,968.00 "," 133,968.00 "," 133,968.00 "," 133,968.00 "," 188,299.00 "," 188,299.00 "," 188,299.00 "," 188,299.00 "," 188,299.00 "," 188,299.00 "," 188,299.00 ",," 188,299.00 "," 188,299.00 "," 188,299.00 "," 188,299.00 "," 188,299.00 "," 188,299.00 "," 188,299.00 "," 188,299.00 "," 188,299.00 "," 188,299.00 "," 188,299.00 "," 188,299.00 ",," 188,299.00 "," 188,299.00 "," 188,299.00 "," 188,299.00 "," 188,299.00 "," 188,299.00 "," 188,299.00 "," 188,299.00 ",,,,,,,,,,,,,,,,,,,,,,,,,,,,,,,,,, -   ," 132,503.00 "," 132,503.00 "," 132,503.00 "," 132,503.00 "," 132,503.00 "," 132,503.00 "," 132,503.00 "," 188,299.00 "," 188,299.00 "," 188,299.00 ",,,,,,,,,,,,,,,,,,
BSA12,1730-0001,Tenant Improvements 2,,110165,Tenant Improvements-2,,,,,,," 21,218.00 "," 22,218.00 "," 22,218.00 "," 22,218.00 "," 22,218.00 "," 35,968.00 "," 35,968.00 "," 35,968.00 "," 35,968.00 "," 35,968.00 ",," 35,968.00 "," 35,968.00 "," 35,968.00 "," 35,968.00 "," 35,968.00 "," 35,968.00 "," 35,968.00 "," 35,968.00 "," 35,968.00 "," 35,968.00 "," 35,968.00 "," 35,968.00 ",," 35,968.00 "," 35,968.00 "," 35,968.00 "," 35,968.00 "," 35,968.00 "," 35,968.00 "," 35,968.00 "," 35,968.00 "," 35,968.00 "," 35,968.00 "," 35,968.00 "," 35,968.00 ",," 35,968.00 "," 35,968.00 "," 35,968.00 "," 35,968.00 "," 35,968.00 "," 35,968.00 "," 35,968.00 "," 35,968.00 "," 35,968.00 "," 35,968.00 "," 35,968.00 "," 35,968.00 ",," 35,968.00 "," 35,968.00 "," 35,968.00 "," 35,968.00 "," 35,968.00 "," 35,968.00 "," 35,968.00 "," 35,968.00 "," 35,968.00 "," 35,968.00 "," 35,968.00 "," 35,968.00 ",," 35,968.00 "," 35,968.00 "," 35,968.00 "," 35,968.00 "," 35,968.00 "," 35,968.00 "," 35,968.00 "," 35,968.00 "," 35,968.00 "," 35,968.00 "," 35,968.00 "," 35,968.00 ",," 35,968.00 "," 35,968.00 "," 35,968.00 "," 35,968.00 "," 35,968.00 "," 35,968.00 "," 35,968.00 "," 35,968.00 "," 35,968.00 "," 35,968.00 "," 35,968.00 "," 35,968.00 ",," 35,968.00 "," 35,968.00 "," 35,968.00 "," 35,968.00 "," 35,968.00 "," 35,968.00 "," 35,968.00 "," 35,968.00 "," 35,968.00 "," 35,968.00 "," 35,968.00 "," 35,968.00 ",," 35,968.00 "," 35,968.00 "," 35,968.00 "," 35,968.00 "," 35,968.00 "," 35,968.00 "," 35,968.00 "," 35,968.00 ",,,,,,,,,,,,,,,,,,,,,,,,,,,,,,,,,, -   , -   ," 35,968.00 "," 35,968.00 "," 35,968.00 "," 35,968.00 "," 35,968.00 "," 35,968.00 "," 35,968.00 "," 35,968.00 "," 35,968.00 ",,,,,,,,,,,,,,,,,,
BSA12,1790-0000,Acc Depr Building & Improvemnt,,110310,j,,"(37,364.40)","(127,038.96)",,"(134,511.84)","(141,984.72)","(149,457.60)","(156,930.48)","(164,403.36)","(171,876.24)","(179,349.12)","(186,822.00)","(194,294.88)","(201,767.76)","(209,240.64)","(216,713.52)",,"(224,186.40)","(231,659.28)","(239,132.16)","(246,605.04)","(254,077.92)","(261,550.80)","(269,023.68)","(276,496.56)","(283,969.44)","(291,442.32)","(298,915.20)","(306,388.08)",,"(313,860.96)","(321,333.84)","(328,806.72)","(336,279.60)","(343,752.48)","(351,225.36)","(358,698.24)","(366,171.12)","(373,644.00)","(381,116.88)","(388,589.76)","(396,062.64)",,"(403,535.52)","(411,008.40)","(418,481.28)","(425,954.16)","(433,427.04)","(440,899.92)","(448,372.80)","(455,845.68)","(463,318.56)","(470,791.44)","(478,264.32)","(485,737.20)",,"(493,210.08)","(500,682.96)","(508,155.84)","(515,628.72)","(523,101.60)","(530,574.48)","(538,047.36)","(545,520.24)","(552,993.12)","(560,466.00)","(567,938.88)","(575,411.76)",,"(582,884.64)","(590,357.52)","(597,830.40)","(605,303.28)","(612,776.16)","(620,249.04)","(627,721.92)","(635,194.80)","(642,667.68)","(650,140.56)","(657,613.44)","(665,086.32)",,"(672,559.20)","(680,032.08)","(687,504.96)","(694,977.84)","(702,450.72)","(709,923.60)","(717,396.48)","(724,869.36)","(732,342.24)","(739,815.12)","(747,288.00)","(754,760.88)",,"(762,233.76)","(769,706.64)","(777,179.52)","(784,652.40)","(792,125.28)","(799,598.16)","(807,071.04)","(814,543.92)","(822,016.80)","(829,489.68)","(836,962.56)","(844,435.44)",,"(851,908.32)","(859,381.20)","(866,854.08)","(874,326.96)","(889,300.92)","(898,023.98)","(906,747.04)","(915,470.10)",,,,,,,,,,,,,,,,,,,,,,,,,,,,,,,,,,"(37,364.40)","(127,038.96)","(186,822.00)","(276,496.56)","(366,171.12)","(455,845.68)","(545,520.24)","(635,194.80)","(724,869.36)","(814,543.92)","(915,470.10)",,,,,,,,,,,,,,,,,,
BSA12,1790-0000,Acc Depr Land Improvement,,110355,Accum Depr Parking Lot,,,,,,,,,,,,,,,,,,,,,,,,,,,,,,,,,,,,,,,,,,,,,,,,,,,,,,,,,,,,,,,,,,,,,,,,,,,,,,,,,,,,,,,,,,,,,,,,,,,,,,,,, -   ,(939.53),"(1,253.33)",,"(1,567.13)","(1,880.93)","(2,194.73)","(2,508.53)","(2,822.33)","(3,136.13)","(3,449.93)","(3,763.73)",,,,,,,,,,,,,,,,,,,,,,,,,,,,,,,,,, -   , -   , -   , -   , -   , -   , -   , -   , -   , -   ,"(3,763.73)",,,,,,,,,,,,,,,,,,
BSA12,1790-0001,Acc Depr TI,,110360,Accum Depr Tenant Improvements-1,,,,,"(2,819.21)","(5,638.42)","(8,457.63)","(11,276.84)","(14,096.05)","(16,915.26)","(19,734.47)","(22,553.68)","(25,372.89)","(28,192.10)","(31,011.31)","(33,830.52)",,"(36,649.73)","(39,468.94)","(42,288.15)","(45,107.36)","(47,926.57)","(50,745.78)","(53,564.99)","(56,384.20)","(59,203.41)","(62,022.62)","(64,841.83)","(67,661.04)",,"(70,480.25)","(73,299.46)","(76,118.67)","(78,937.88)","(81,757.09)","(84,576.30)","(87,395.51)","(90,214.72)","(93,033.93)","(95,853.14)","(98,672.35)","(101,491.56)",,"(104,310.77)","(107,129.98)","(109,949.19)","(112,768.40)","(115,587.61)","(118,406.82)","(121,226.03)","(124,045.24)","(126,864.45)","(129,683.66)","(132,503.00)","(132,503.00)",,"(132,503.00)","(132,503.00)","(132,503.00)","(132,503.00)","(132,503.00)","(132,503.00)","(132,503.00)","(132,503.00)","(132,503.00)","(132,503.00)","(132,503.00)","(132,503.00)",,"(132,503.00)","(132,503.00)","(132,503.00)","(132,503.00)","(132,503.00)","(132,503.00)","(132,503.00)","(132,503.00)","(132,503.00)","(132,503.00)","(132,503.00)","(132,503.00)",,"(132,503.00)","(132,503.00)","(132,503.00)","(132,503.00)","(132,503.00)","(165,101.60)","(165,101.60)","(165,101.60)","(165,101.60)","(165,101.60)","(165,101.60)","(165,101.60)",,"(165,101.60)","(165,101.60)","(165,101.60)","(165,101.60)","(165,101.60)","(165,101.60)","(165,101.60)","(165,101.60)","(165,101.60)","(165,101.60)","(165,101.60)","(165,101.60)",,"(165,101.60)","(165,101.60)","(165,101.60)","(165,101.60)","(165,101.60)","(165,101.60)","(165,101.60)","(165,101.60)",,,,,,,=Acc Depr Tenant Improvements,,,,,,,,,,,,,,,,,,,,,,,,,,, -   , -   ,"(22,553.68)","(56,384.20)","(90,214.72)","(124,045.24)","(132,503.00)","(132,503.00)","(165,101.60)","(165,101.60)","(165,101.60)",,,,,,,,,,,,,,,,,,
BSA12,1790-0003,Acc Depr - Heating & Cooling Fixtures,,110315,Accum Depr Heating & Cooling,,,,,,,,,,,(126.79),(253.58),(380.37),(507.16),(633.95),(760.74),,(887.53),"(1,014.32)","(1,141.11)","(1,267.90)","(1,394.69)","(1,521.48)","(1,648.27)","(1,775.06)","(1,901.85)","(2,028.64)","(2,155.43)","(2,282.22)",,"(2,409.01)","(2,535.80)","(2,662.59)","(2,789.38)","(2,916.17)","(3,042.96)","(3,169.75)","(3,296.54)","(3,423.33)","(3,550.12)","(3,676.91)","(3,803.70)",,"(3,930.49)","(4,057.28)","(4,184.07)","(4,310.86)","(4,437.65)","(4,564.44)","(4,691.23)","(4,818.02)","(4,944.81)","(5,071.60)","(5,198.39)","(5,325.18)",,"(5,451.97)","(5,578.76)","(5,705.55)","(5,832.34)","(5,959.13)","(6,085.92)","(6,212.71)","(6,339.50)","(6,466.29)","(6,659.50)","(6,819.50)","(6,979.50)",,"(7,139.50)","(7,299.50)","(7,459.50)","(7,619.50)","(7,779.50)","(7,939.50)","(8,099.50)","(8,259.50)","(8,419.50)","(8,579.50)","(8,739.50)","(8,899.50)",,"(9,059.50)","(9,219.50)","(9,379.50)","(9,539.50)","(9,699.50)","(9,859.50)","(10,019.50)","(10,179.50)","(10,339.50)","(10,499.50)","(10,659.50)","(10,819.50)",,"(10,979.50)","(11,312.29)","(11,558.68)","(11,805.07)","(12,051.46)","(12,297.85)","(12,417.45)","(12,537.05)","(12,656.65)","(12,776.25)","(12,895.85)","(13,015.45)",,"(13,135.05)","(13,254.65)","(13,374.25)","(13,493.85)","(13,613.45)","(13,733.05)","(13,852.65)","(13,972.25)",,,,,,,=Acc Depr Bldg Appliances,,,,,,,,,,,,,,,,,,,,,,,,,,, -   , -   ,(253.58),"(1,775.06)","(3,296.54)","(4,818.02)","(6,339.50)","(8,259.50)","(10,179.50)","(12,537.05)","(13,972.25)",,,,,,,,,,,,,,,,,,
BSA12,1790-0020,Accumulated Depreciation - TI 2,,110365,Accum Depr Tenant Improvements-2,,,,,,,,,,,,(304.81),(609.62),(914.43),"(1,219.24)","(1,524.05)",,"(1,828.86)","(2,133.67)","(2,438.48)","(2,743.29)","(3,048.10)","(3,352.91)","(3,657.72)","(3,962.53)","(4,267.34)","(4,572.15)","(4,876.96)","(5,181.77)",,"(5,486.58)","(5,791.39)","(6,096.20)","(6,401.01)","(6,705.82)","(7,010.63)","(7,315.44)","(7,620.25)","(7,925.06)","(8,229.87)","(8,534.68)","(8,839.49)",,"(9,144.30)","(9,449.11)","(9,753.92)","(10,058.73)","(10,363.54)","(10,668.35)","(10,973.16)","(11,277.97)","(11,582.78)","(11,887.59)","(12,192.40)","(12,497.21)",,"(12,802.02)","(13,106.83)","(13,411.64)","(13,716.45)","(14,021.26)","(14,326.07)","(14,630.88)","(14,935.69)","(15,240.50)","(15,545.31)","(15,850.12)","(16,154.93)",,"(16,459.74)","(16,764.55)","(17,069.36)","(17,374.17)","(17,678.98)","(17,983.79)","(18,288.60)","(18,593.41)","(18,898.22)","(19,203.03)","(19,507.84)","(19,812.65)",,"(20,117.46)","(20,422.27)","(20,727.08)","(21,031.89)","(21,336.70)","(21,641.51)","(21,946.32)","(22,251.13)","(22,555.94)","(22,860.75)","(23,165.56)","(23,470.37)",,"(23,775.18)","(24,079.99)","(24,384.80)","(24,689.61)","(24,994.42)","(25,299.23)","(25,604.04)","(25,908.85)","(26,213.66)","(26,518.47)","(26,823.28)","(27,128.09)",,"(27,432.90)","(27,737.71)","(28,042.52)","(28,347.33)","(28,652.14)","(28,956.95)","(29,261.76)","(29,566.57)",,,,,,,=Acc Depr Renovations,,,,,,,,,,,,,,,,,,,,,,,,,,, -   , -   ,(304.81),"(3,962.53)","(7,620.25)","(11,277.97)","(14,935.69)","(18,593.41)","(22,251.13)","(25,908.85)","(29,566.57)",,,,,,,,,,,,,,,,,,
BSA4,1910-0000,Leasing Commissions,,120205,Leasing Commission,,,,,," 52,325.10 "," 52,325.10 "," 52,325.10 "," 52,325.10 "," 52,325.10 "," 52,325.10 "," 52,325.10 "," 52,325.10 "," 52,325.10 "," 52,325.10 "," 52,325.10 ",," 72,124.85 "," 72,124.85 "," 72,124.85 "," 72,124.85 "," 72,124.85 "," 72,124.85 "," 72,124.85 "," 72,124.85 "," 72,124.85 "," 72,124.85 "," 72,124.85 "," 72,124.85 ",," 72,124.85 "," 72,124.85 "," 72,124.85 "," 72,124.85 "," 72,124.85 "," 72,124.85 "," 72,124.85 "," 72,124.85 "," 72,124.85 "," 72,124.85 "," 72,124.85 "," 72,124.85 ",," 72,124.85 "," 72,124.85 "," 72,124.85 "," 72,124.85 "," 72,124.85 "," 72,124.85 "," 72,124.85 "," 72,124.85 "," 72,124.85 "," 72,124.85 "," 72,124.85 "," 72,124.85 ",," 72,124.85 "," 72,124.85 "," 72,124.85 "," 72,124.85 "," 72,124.85 "," 72,124.85 "," 72,124.85 "," 72,124.85 "," 72,124.85 "," 72,124.85 "," 72,124.85 "," 72,124.85 ",," 72,124.85 "," 72,124.85 "," 72,124.85 "," 72,124.85 "," 72,124.85 "," 72,124.85 "," 72,124.85 "," 72,124.85 "," 72,124.85 "," 72,124.85 "," 72,124.85 "," 72,124.85 ",," 72,124.85 "," 72,124.85 "," 72,124.85 "," 72,124.85 "," 72,124.85 "," 72,124.85 "," 72,124.85 "," 98,773.43 "," 98,773.43 "," 98,773.43 "," 98,773.43 "," 98,773.43 ",," 98,773.43 "," 98,773.43 "," 98,773.43 "," 98,773.43 "," 98,773.43 "," 98,773.43 "," 98,773.43 "," 98,773.43 "," 98,773.43 "," 98,773.43 "," 98,773.43 "," 98,773.43 ",," 98,773.43 "," 98,773.43 "," 98,773.43 "," 98,773.43 "," 98,773.43 "," 98,773.43 "," 98,773.43 "," 98,773.43 ",,,,,,,,,,,,,,,,,,,,,,,,,,,,,,,,,, -   , -   ," 52,325.10 "," 72,124.85 "," 72,124.85 "," 72,124.85 "," 72,124.85 "," 72,124.85 "," 98,773.43 "," 98,773.43 "," 98,773.43 ",,,,,,,,,,,,,,,,,,
BSA4,1910-1000,Leasing Commissions - Amortization,,120250,Accum Amort - Lease Commission,,,,,,(425.41),(850.82),"(1,276.23)","(1,701.64)","(2,127.05)","(2,552.46)","(2,977.87)","(3,403.28)","(3,828.69)","(4,254.10)","(4,679.51)",,"(5,104.92)","(5,860.33)","(6,615.74)","(7,371.15)","(8,126.56)","(8,881.97)","(9,637.38)","(10,392.79)","(11,148.20)","(11,903.61)","(12,659.02)","(13,414.43)",,"(14,169.84)","(14,925.25)","(15,680.66)","(16,436.07)","(17,191.48)","(17,946.89)","(18,702.30)","(19,457.71)","(20,213.12)","(20,968.53)","(21,723.94)","(22,479.35)",,"(23,234.76)","(23,990.17)","(24,745.58)","(25,500.99)","(26,256.40)","(27,011.81)","(27,767.22)","(28,522.63)","(29,278.04)","(30,033.45)","(30,788.86)","(31,544.27)",,"(33,077.85)","(34,611.43)","(36,145.01)","(37,678.59)","(39,212.17)","(40,745.75)","(42,279.33)","(43,812.91)","(45,346.49)","(46,880.07)","(48,413.65)","(49,947.23)",,"(51,480.81)","(53,014.39)","(54,547.97)","(56,081.55)","(57,615.13)","(59,148.71)","(60,682.29)","(62,215.87)","(63,749.45)","(65,283.03)","(66,816.61)","(68,350.19)",,"(69,883.77)","(69,531.01)","(69,956.42)","(70,381.83)","(70,807.24)","(71,232.65)","(71,658.06)","(72,083.47)","(72,508.88)","(72,934.29)","(73,359.70)","(77,930.44)",,"(78,355.85)","(79,965.64)","(80,983.24)","(82,000.84)","(83,018.44)","(84,036.04)","(85,053.64)","(86,071.24)","(87,088.84)","(88,106.44)","(89,124.04)","(90,141.64)",,"(91,159.24)","(92,176.84)","(93,194.44)","(94,212.04)","(95,229.64)","(96,247.24)","(97,264.84)","(98,282.44)",,,,,,,=Accum Amort - Lease Commission,,,,,,,,,,,,,,,,,,,,,,,,,,, -   , -   ,"(2,977.87)","(10,392.79)","(19,457.71)","(28,522.63)","(43,812.91)","(62,215.87)","(72,083.47)","(86,071.24)","(98,282.44)",,,,,,,,,,,,,,,,,,
BSA12,1950-0000,Property Acquisition Fee,,120285,Prepaid Net Organizational Costs,," 9,654.70 "," 9,654.70 ",," 9,654.70 "," 9,654.70 "," 9,654.70 "," 9,654.70 "," 9,654.70 "," 9,654.70 "," 9,654.70 "," 9,654.70 "," 9,654.70 "," 9,654.70 "," 9,654.70 "," 9,654.70 ",," 7,240.90 "," 9,654.70 "," 9,654.70 "," 9,654.70 "," 9,654.70 "," 9,654.70 "," 9,654.70 "," 9,654.70 "," 9,654.70 "," 9,654.70 "," 9,654.70 "," 9,654.70 ",," 9,654.70 "," 9,654.70 "," 9,654.70 "," 9,654.70 "," 9,654.70 "," 9,654.70 "," 9,654.70 "," 9,654.70 "," 9,654.70 "," 9,654.70 "," 9,654.70 "," 9,654.70 ",," 9,654.70 "," 9,654.70 "," 9,654.70 "," 9,654.70 "," 9,654.70 "," 9,654.70 "," 9,654.70 "," 9,654.70 "," 9,654.70 "," 9,654.70 "," 9,654.70 "," 9,654.70 ",," 9,654.70 "," 9,654.70 "," 9,654.70 "," 9,654.70 "," 9,654.70 "," 9,654.70 "," 9,654.70 "," 9,654.70 "," 9,654.70 "," 9,654.70 "," 9,654.70 "," 9,654.70 ",," 9,654.70 "," 9,654.70 "," 9,654.70 "," 9,654.70 "," 9,654.70 "," 9,654.70 "," 9,654.70 "," 9,654.70 "," 9,654.70 "," 9,654.70 "," 9,654.70 "," 9,654.70 ",," 9,654.70 "," 9,654.70 "," 9,654.70 "," 9,654.70 "," 9,654.70 "," 9,654.70 "," 9,654.70 "," 9,654.70 "," 9,654.70 "," 9,654.70 "," 9,654.70 "," 9,654.70 ",," 9,654.70 "," 9,654.70 "," 9,654.70 "," 9,654.70 "," 9,654.70 "," 9,654.70 "," 9,654.70 "," 9,654.70 "," 9,654.70 "," 9,654.70 "," 9,654.70 "," 9,654.70 ",," 9,654.70 "," 9,654.70 "," 9,654.70 "," 9,654.70 "," 9,654.70 "," 9,654.70 ", -   ,,,,,,,,=Prepaid Net Start-Up Costs,,,,,,,,,,,,,,,,,,,,,,,,,,," 9,654.70 "," 9,654.70 "," 9,654.70 "," 9,654.70 "," 9,654.70 "," 9,654.70 "," 9,654.70 "," 9,654.70 "," 9,654.70 "," 9,654.70 ", -   ,,,,,,,,,,,,,,,,,,
BSA12,1960-0000,AccAmortization Acquis. Fee,,120290,Accum Amort - Organizational Costs,,(402.30),"(1,367.82)",,"(1,448.28)","(1,528.74)","(1,609.20)","(1,689.66)","(1,770.12)","(1,850.58)","(1,931.04)","(2,011.50)","(2,091.96)","(2,172.42)","(2,252.88)","(2,333.34)",,,"(2,494.26)","(2,574.72)","(2,655.18)","(2,735.64)","(2,816.10)","(2,896.56)","(2,977.02)","(3,057.48)","(3,137.94)","(3,218.40)","(3,298.86)",,"(3,379.32)","(3,459.78)","(3,540.24)","(3,620.70)","(3,701.16)","(3,781.62)","(3,862.08)","(3,942.54)","(4,023.00)","(4,103.46)","(4,183.92)","(4,264.38)",,"(4,344.84)","(4,425.30)","(4,505.76)","(4,586.22)","(4,666.68)","(4,747.14)","(4,827.60)","(4,908.06)","(4,988.52)","(5,068.98)","(5,149.44)","(5,229.90)",,"(5,310.36)","(5,390.82)","(5,471.28)","(5,551.74)","(5,632.20)","(5,712.66)","(5,793.12)","(5,873.58)","(5,954.04)","(6,034.50)","(6,114.96)","(6,195.42)",,"(6,275.88)","(6,356.34)","(6,436.80)","(6,517.26)","(6,597.72)","(6,678.18)","(6,758.64)","(6,839.10)","(6,919.56)","(7,000.02)","(7,080.48)","(7,160.94)",,"(7,241.40)","(7,321.86)","(7,402.32)","(7,482.78)","(7,563.24)","(7,643.70)","(7,724.16)","(7,804.62)","(7,885.08)","(7,965.54)","(8,046.00)","(8,126.46)",,"(8,206.92)","(8,287.38)","(8,367.84)","(8,448.30)","(8,528.76)","(8,609.22)","(8,689.68)","(8,770.14)","(8,850.60)","(8,931.06)","(9,011.52)","(9,091.98)",,"(9,172.44)","(9,252.90)","(9,333.36)","(9,413.82)","(9,494.28)","(9,574.74)", -   ,,,,,,,,=Accum Amort - Start Up Costs,,,,,,,,,,,,,,,,,,,,,,,,,,,(402.30),"(1,367.82)","(2,011.50)","(2,977.02)","(3,942.54)","(4,908.06)","(5,873.58)","(6,839.10)","(7,804.62)","(8,770.14)", -   ,,,,,,,,,,,,,,,,,,
BSL6,2106-0000,Payable to Arcamed LLC,,210080,Payable to Arcamed LLC,, -   ,"(50,000.00)",,"(100,000.00)","(100,000.00)","(100,000.00)","(100,000.00)","(177,000.00)","(177,000.00)","(177,000.00)","(177,000.00)","(177,000.00)","(177,000.00)","(177,000.00)","(157,000.00)",,"(157,000.00)","(157,000.00)","(157,000.00)","(157,000.00)","(157,000.00)","(157,000.00)","(157,000.00)","(157,000.00)","(128,131.45)","(68,000.00)","(68,000.00)","(68,000.00)",,"(18,000.00)","(18,000.00)","(18,000.00)","(10,000.00)","(10,000.00)","(10,000.00)", -   ,,,,,,,,," 125,000.00 "," 125,000.00 "," 125,000.00 "," 175,000.00 "," 175,000.00 "," 175,000.00 "," 175,000.00 "," 175,000.00 "," 175,000.00 "," 256,000.00 ",," 256,000.00 "," 256,000.00 "," 256,000.00 "," 256,000.00 "," 256,000.00 "," 256,000.00 "," 256,000.00 "," 256,000.00 "," 256,000.00 "," 356,000.00 "," 356,000.00 "," 356,000.00 ",," 356,000.00 "," 356,000.00 "," 356,000.00 "," 356,000.00 "," 356,000.00 "," 356,000.00 "," 356,000.00 "," 356,000.00 "," 356,000.00 "," 356,000.00 "," 336,000.00 "," 336,000.00 ",," 336,000.00 "," 336,000.00 "," 336,000.00 "," 296,000.00 "," 296,000.00 "," 296,000.00 "," 241,000.00 "," 241,000.00 "," 241,000.00 "," 215,000.00 "," 215,000.00 ","(141,000.00)",,"(73,297.64)","(73,297.64)","(73,297.64)","(73,297.64)","(73,297.64)","(73,297.64)","(73,297.64)","(73,297.64)","(73,297.64)","(73,297.64)","(73,297.64)","(73,297.64)",,"(73,297.64)","(73,297.64)","(73,297.64)","(73,297.64)","(73,297.64)","(73,297.64)","(73,297.64)","(73,297.64)",,,,,,,"=AR Other Minus Inter Co AP - Other Entities, ensure match with our TB acct 20601 Inter-Company payables",,,,,,,,,,,,,,,,,,,,,,,,,,, -   ,"(50,000.00)","(177,000.00)","(157,000.00)", -   ," 175,000.00 "," 256,000.00 "," 356,000.00 "," 241,000.00 ","(73,297.64)","(73,297.64)",,,,,,,,,,,,,,,,,,
BSL11,2145-0000,Mortgage Payable - NBOFI,,210025,Mortgage Payable-The National Bank of Indianapolis,,"(3,006,075.84)","(2,901,344.75)",,"(2,892,613.54)","(2,883,853.12)","(2,874,162.56)","(2,865,344.43)","(2,856,196.45)","(2,847,318.11)","(2,838,114.58)","(2,829,177.70)","(2,820,211.89)","(2,810,923.43)","(2,801,898.52)","(2,792,553.62)",,"(2,783,469.23)","(2,774,355.43)","(2,764,343.77)","(2,755,170.13)","(2,745,676.94)","(2,736,440.77)","(2,726,888.89)","(2,717,589.89)","(2,708,261.82)","(2,698,621.64)","(2,689,234.13)","(2,679,532.37)",,"(2,670,081.03)","(2,660,600.10)","(2,650,532.70)","(2,640,988.48)","(2,631,137.51)","(2,621,531.52)","(2,611,619.59)","(2,601,948.34)","(2,592,246.81)","(2,582,244.14)","(2,572,477.77)","(2,562,412.14)",,"(2,552,582.60)","(2,542,722.26)","(2,532,032.25)","(2,522,104.35)","(2,511,882.96)","(2,501,890.88)","(2,491,604.08)","(2,481,548.50)","(2,471,457.15)","(2,461,074.99)","(2,450,915.17)","(2,440,468.64)",,"(2,430,244.28)","(2,419,986.81)","(2,408,937.87)","(2,398,611.41)","(2,388,002.08)","(2,377,607.84)","(2,366,931.62)","(2,356,466.93)","(2,345,901.64)","(2,335,056.25)","(2,324,491.03)","(2,313,792.21)",,"(2,303,156.56)","(2,292,487.61)","(2,281,070.26)","(2,270,328.61)","(2,259,316.24)","(2,248,503.05)","(2,237,420.04)","(2,226,538.25)","(2,215,618.95)","(2,204,432.88)","(2,193,443.12)","(2,182,187.55)",,"(2,171,128.10)","(2,160,030.52)","(2,148,444.63)","(2,137,275.97)","(2,125,844.38)","(2,114,600.13)","(2,103,099.82)","(2,091,781.93)","(2,080,426.23)","(2,068,818.84)","(2,057,391.15)","(2,045,709.20)",,"(2,034,206.69)","(2,022,666.94)","(2,010,460.88)","(1,998,844.24)","(1,986,981.23)","(1,975,291.05)","(1,963,366.45)","(1,951,602.31)","(1,939,796.34)","(1,927,748.30)","(1,915,863.86)","(1,903,740.84)",,"(1,891,778.67)","(1,879,780.27)","(1,867,151.53)","(1,855,070.89)","(1,842,757.38)","(1,830,367.19)","(1,817,977.00)","(2,219,405.11)",,,,,,,,,,,,,,,,,,,,,,,,,,,,,,,,,,"(3,006,075.84)","(2,901,344.75)","(2,829,177.70)","(2,717,589.89)","(2,601,948.34)","(2,481,548.50)","(2,356,466.93)","(2,226,538.25)","(2,091,781.93)","(1,951,602.31)","(2,219,405.11)",,,,,,,,,,,,,,,,,,
BSL11,2145-0000,Other Note Payable - Long-Term,,210075,Other Note Payable - Long-Term,,,,,,,,,,,,,,,,,,,,,,,,,,,,,,,,,,,,,,,,,,,,,,,,,,,,,,,,,,,,,,,,,,,,,,,,,,,,,,,,,,,,,,,,,,,,,,,,,,,,,,,,, -   ,"(434,822.67)","(430,642.81)",,"(426,533.47)","(422,436.49)","(418,078.07)","(413,931.94)","(409,684.10)","(405,491.57)","(401,196.25)", -   ,,,,,,,,,,,,,,,,,,,,,,,,,,,,,,,,,, -   , -   , -   , -   , -   , -   , -   , -   , -   , -   , -   ,,,,,,,,,,,,,,,,,,
BSL1,2200-0000,Accounts Payable,,200105,Accounts Payable - Trade,,"(5,916.18)","(70,820.14)",,"(12,176.42)","(36,256.45)","(57,940.13)","(36,221.43)","(5,088.78)","(3,384.33)",(887.53),"(14,354.16)","(1,466.87)","(4,787.71)","(10,122.52)","(4,587.85)",,"(14,654.81)","(26,005.44)","(5,839.01)","(10,860.31)","(9,093.74)","(15,539.57)","(5,801.42)","(8,442.65)","(8,820.71)","(5,421.79)","(32,799.63)","(8,995.99)",,"(8,477.38)","(6,774.34)","(6,244.82)","(34,688.43)","(78,765.05)","(66,813.01)","(13,120.41)","(11,731.98)","(14,711.00)","(4,604.81)","(5,179.15)","(6,221.35)",,"(9,350.75)","(22,814.02)","(18,496.48)","(6,977.04)","(8,125.02)","(4,997.96)","(3,164.78)","(6,051.03)","(12,932.16)","(68,883.32)","(7,072.61)","(7,130.18)",,"(7,669.24)","(9,890.41)","(9,939.14)","(9,604.41)","(7,440.52)","(6,977.95)","(4,711.31)","(7,706.83)","(7,904.43)","(67,322.09)","(24,658.14)","(7,446.41)",,"(5,531.35)","(14,924.97)","(8,751.99)","(5,139.04)","(6,616.28)","(10,187.96)","(4,583.53)","(31,401.63)","(6,273.58)","(66,640.92)","(3,954.62)","(10,279.92)",,"(7,472.10)","(2,987.83)","(9,681.95)","(76,317.13)","(15,209.19)","(60,326.57)","(4,867.18)","(10,177.86)","(4,525.33)","(81,665.04)","(10,580.16)","(5,419.36)",,"(14,086.69)","(4,515.38)","(11,791.79)","(68,344.16)","(6,169.93)","(5,806.17)","(5,994.93)","(4,546.84)","(7,189.54)","(149,736.05)","(9,163.27)","(21,465.22)",,"(6,253.26)","(8,601.56)","(11,978.79)","(81,296.85)","(6,440.35)","(8,088.04)","(8,273.97)","(23,721.60)",,,,,,,,,,,,,,,,,,,,,,,,,,,,,,,,,,"(5,916.18)","(70,820.14)","(14,354.16)","(8,442.65)","(11,731.98)","(6,051.03)","(7,706.83)","(31,401.63)","(10,177.86)","(4,546.84)","(23,721.60)",,,,,,,,,,,,,,,,,,
BSL2,2205-0000,Accrued Interest,,200180,Accounts Payable - Other,,"(9,731.20)","(9,394.85)",,"(9,365.64)","(8,435.50)","(9,307.93)","(9,206.08)","(11,180.93)","(11,083.74)","(10,382.18)","(10,505.25)","(10,334.60)","(9,686.15)","(9,583.16)","(9,948.67)",,"(12,650.00)","(12,650.00)","(12,650.00)","(12,650.00)","(9,275.58)","(9,275.58)","(9,275.58)","(9,275.58)","(9,275.58)","(9,275.58)","(8,362.58)","(8,362.58)",,"(8,362.58)","(6,305.58)","(6,305.58)","(4,512.58)","(4,512.58)","(4,512.58)","(2,624.63)","(4,419.63)","(1,649.63)",,,,,,,,,,,,,,,,,,,,,,,,,,,,,,,,,,,"(7,312.87)","(7,043.05)","(7,244.27)","(7,206.76)","(6,939.99)","(7,136.30)","(6,870.49)","(7,066.61)",,"(7,028.48)","(6,540.17)","(6,957.40)","(6,694.47)","(6,881.81)","(6,625.75)","(6,808.17)","(6,770.36)","(6,518.67)","(6,698.37)","(6,444.11)","(6,623.55)",,"(6,586.31)","(6,586.31)","(6,586.31)","(6,586.31)","(6,586.31)","(6,586.31)","(6,586.31)","(6,586.31)","(6,586.31)","(6,586.31)","(6,586.31)","(6,586.31)",,"(6,586.31)","(6,586.31)","(22,087.47)","(6,586.31)","(6,586.31)","(6,586.31)","(6,586.31)","(6,586.31)",,,,,,,=Accrued Interest + Accounts Payable - Other,,,,,,,,,,,,,,,,,,,,,,,,,,,"(9,731.20)","(9,394.85)","(10,505.25)","(9,275.58)","(4,419.63)", -   , -   ,"(7,206.76)","(6,770.36)","(6,586.31)","(6,586.31)",,,,,,,,,,,,,,,,,,
BSL4,2210-0000,Rental Prepayments - Lessee,,200255,Accrued Liabilities - Prepaid Rent,,"(13,651.50)",,,"(23,359.54)","(18,307.06)","(23,318.59)",(53.61),"(23,409.54)","(18,307.06)","(5,152.48)","(18,307.06)","(18,307.06)","(18,642.48)","(18,642.48)","(19,012.72)",,"(18,592.48)","(18,592.48)", -   ,"(11,551.00)","(29,180.92)","(25,217.34)","(22,216.39)","(31,668.93)","(30,553.29)","(27,114.93)","(31,994.64)","(28,077.56)",,"(28,967.25)","(24,266.64)","(20,857.58)","(19,506.13)","(19,650.69)","(19,795.25)","(26,939.81)","(33,777.99)","(33,922.55)","(30,708.91)","(25,853.47)","(30,998.03)",,"(26,752.00)","(22,505.97)","(33,259.94)","(34,013.91)","(37,061.88)","(37,815.85)","(36,275.82)","(32,170.71)","(37,897.82)","(38,549.37)","(34,961.61)","(35,571.02)",,"(41,414.37)","(42,178.73)","(42,942.98)","(41,972.40)","(32,655.51)","(33,068.43)","(30,139.17)","(30,139.28)","(30,139.39)","(30,139.50)","(34,084.44)","(38,602.87)",,"(45,996.47)","(50,581.64)","(47,002.18)","(52,543.23)","(45,234.81)","(27,273.30)","(33,243.51)","(13,608.01)","(13,608.01)","(13,607.13)","(13,607.11)","(13,882.33)",,"(7,912.14)","(7,912.14)","(13,882.35)","(13,882.35)","(13,822.21)","(13,822.21)","(23,657.04)","(13,822.21)","(13,822.21)","(13,822.21)","(13,822.21)","(13,822.21)",,"(13,818.66)",                  -   ,"(8,291.69)","(10,523.19)","(12,754.69)","(5,590.44)","(17,247.75)","(17,247.75)","(18,835.78)","(18,545.48)","(1,007.43)","(5,666.80)",,"(17,110.49)","(21,389.93)","(19,425.62)","(30,869.31)","(37,643.10)","(30,722.52)","(32,165.69)","(32,165.69)",,,,,,,=Accrued Liabilities Prepaid Rent,,,,,,,,,,,,,,,,,,,,,,,,,,,"(13,651.50)", -   ,"(18,307.06)","(31,668.93)","(33,777.99)","(32,170.71)","(30,139.28)","(13,608.01)","(13,822.21)","(17,247.75)","(32,165.69)",,,,,,,,,,,,,,,,,,
BSL4,2210-0001,Security Deposits - Lessee,,200305,Deposit - Security,,"(12,533.00)",,,,,,,,,,,,,,,,"(12,513.56)","(17,813.56)","(17,813.56)","(17,813.56)","(17,813.56)","(17,813.56)","(17,813.56)","(17,813.56)","(17,813.56)","(17,813.56)","(17,813.56)","(17,813.56)",,"(17,813.56)","(17,813.56)","(17,813.56)","(17,813.56)","(17,813.56)","(17,813.56)","(17,813.56)","(17,813.56)","(17,813.56)","(17,813.56)","(17,813.56)","(17,813.56)",,"(17,813.56)","(17,813.56)","(17,813.56)","(17,813.56)","(17,813.56)","(17,813.56)","(17,813.56)","(17,813.56)","(17,813.56)","(17,813.56)","(17,813.56)","(17,813.56)",,"(17,813.56)","(17,813.56)","(17,813.56)","(17,813.56)","(17,813.56)","(17,813.56)","(17,813.56)","(17,813.56)","(17,813.56)","(17,813.56)","(17,813.56)","(17,813.56)",,"(17,813.56)","(17,813.56)","(17,813.56)","(17,813.56)","(17,813.56)","(17,813.56)","(17,813.56)","(17,813.56)","(17,813.56)","(17,813.56)","(17,813.56)","(17,813.56)",,"(17,813.56)","(17,813.56)","(17,813.56)","(17,813.56)","(19,770.96)","(19,770.96)","(19,770.96)","(19,770.96)","(19,770.96)","(19,770.96)","(19,770.96)","(19,770.96)",,"(19,770.96)","(19,770.96)","(19,770.96)","(19,770.96)","(19,770.96)","(19,770.96)","(19,770.96)","(19,770.96)","(19,770.96)","(19,770.96)","(19,770.96)","(19,770.96)",,"(19,770.96)","(19,770.96)","(19,770.96)","(19,770.96)","(19,770.96)","(19,770.96)","(19,770.96)","(19,770.96)",,,,,,,,,,,,,,,,,,,,,,,,,,,,,,,,,,"(12,533.00)", -   , -   ,"(17,813.56)","(17,813.56)","(17,813.56)","(17,813.56)","(17,813.56)","(19,770.96)","(19,770.96)","(19,770.96)",,,,,,,,,,,,,,,,,,
BSL5,2210-0002,Due to Other Owner,,200295,Accrued Liabilities - Other,,"(14,102.20)",,,,,,,,,,,"(94,633.10)","(69,636.56)","(11,141.67)","(12,650.00)",,"(30,670.93)","(9,021.40)","(8,952.42)","(8,632.87)","(8,889.89)","(8,574.18)","(8,827.06)","(8,797.99)","(8,485.88)","(8,738.55)","(8,424.30)","(8,674.72)",,"(8,645.13)","(8,058.66)","(8,581.84)","(8,275.09)","(8,520.07)","(8,214.13)","(8,454.81)","(8,424.53)","(8,123.39)","(8,359.69)","(8,060.43)","(8,296.52)",,"(8,265.72)","(7,436.05)","(8,198.16)","(7,904.67)","(8,133.98)","(7,839.26)","(8,070.48)","(8,034.71)","(7,743.90)","(7,966.24)","(7,679.53)","(7,901.70)",,"(7,868.59)","(7,077.12)","(7,799.60)","(7,516.73)","(7,731.82)","(7,449.84)","(7,661.37)","(7,629.71)","(7,629.71)","(7,560.84)","(7,289.36)","(9,131.89)",,"(9,474.34)","(7,266.91)","(7,884.41)","(9,142.69)","(3,518.00)",(540.00),(500.00),"(1,260.00)",(500.00),"(3,306.84)","(7,010.69)","(5,625.00)",,"(11,829.67)","(10,480.11)","(14,660.00)","(10,558.49)","(4,510.00)","(4,510.00)","(4,795.00)","(4,029.00)","(4,779.00)","(4,029.00)",(789.00),"(4,243.56)",,"(1,343.00)","(6,696.50)",(789.00),(789.00),(789.00),(888.19),(789.00),(789.00),"(2,343.42)","(4,980.06)",(789.00),"(2,407.72)",,(789.00),"(1,944.00)",(789.00),"(2,900.22)","(301,523.03)","(300,281.45)","(299,000.00)","(299,771.88)",,,,,,,=Accrued Liabilities - Utilities & Operating Expenses,,,,,,,,,,,,,,,,,,,,,,,,,,,"(14,102.20)", -   , -   ,"(8,797.99)","(8,424.53)","(8,034.71)","(7,629.71)","(1,260.00)","(4,029.00)",(789.00),"(299,771.88)",,,,,,,,,,,,,,,,,,
BSL3,2215-0000,Property Taxes Payable,,200205,Accrued Liabilities - RE Taxes,,"(125,502.63)","(131,772.90)",,"(142,931.57)","(154,090.24)","(165,248.91)","(176,407.58)","(122,150.33)","(133,659.45)","(145,168.57)","(156,677.69)","(168,186.81)","(179,695.93)","(125,438.68)","(136,947.80)",,"(148,456.92)","(159,966.04)","(171,475.16)","(182,984.28)","(118,805.94)","(130,315.06)","(141,824.18)","(153,333.30)","(164,842.42)","(176,351.54)","(126,600.32)","(121,000.00)",,"(131,229.17)","(141,458.34)","(151,687.51)","(161,916.68)","(110,846.35)","(121,075.52)","(131,304.69)","(141,533.86)","(151,763.03)","(161,992.20)","(112,520.87)","(122,750.04)",,"(133,593.63)","(144,437.22)","(155,280.81)","(102,813.37)","(111,544.30)","(122,387.89)","(133,231.48)","(144,075.07)","(154,918.66)","(102,451.22)","(113,294.81)","(119,340.00)",,"(129,380.00)","(139,420.00)","(149,460.00)","(159,500.00)","(109,939.35)","(119,979.35)","(130,019.35)","(140,059.35)","(150,099.35)","(100,399.70)","(110,439.70)","(120,479.70)",,"(131,607.04)","(142,734.38)","(153,861.72)","(164,989.06)","(117,631.21)","(128,758.55)","(139,885.89)","(151,013.23)","(162,140.57)","(111,273.40)","(122,400.74)","(147,995.00)",,"(160,566.67)","(173,138.34)","(185,710.01)","(123,228.19)","(135,799.86)","(148,371.53)","(160,943.20)","(173,514.87)","(186,086.54)","(125,716.70)","(138,288.37)","(145,883.00)",,"(158,039.92)","(171,780.64)","(184,729.46)","(114,889.67)","(127,838.49)","(140,787.31)","(153,736.13)","(166,978.92)","(179,964.49)","(125,009.37)","(137,994.94)","(150,980.51)",,"(166,063.24)","(181,145.97)","(196,228.70)","(147,746.66)","(149,286.98)","(164,369.71)","(179,452.44)","(194,535.17)",,,,,,,=Accrued Liabilities - RE Taxes,,,,,,,,,,,,,,,,,,,,,,,,,,,"(125,502.63)","(131,772.90)","(156,677.69)","(153,333.30)","(141,533.86)","(144,075.07)","(140,059.35)","(151,013.23)","(173,514.87)","(166,978.92)","(194,535.17)",,,,,,,,,,,,,,,,,,
BSL4,2250-0000,Tenant Deposits,,,,,,,,,"(12,513.56)","(12,513.56)","(12,513.56)","(12,513.56)","(12,513.56)","(12,513.56)","(12,513.56)","(12,513.56)","(12,513.56)","(12,513.56)","(12,513.56)",,,,,,,,,,,,,,,,,,,,,,,,,,,,,,,,,,,,,,,,,,,,,,,,,,,,,,,,,,,,,,,,,,,,,,,,,,,,,,,,,,,,,,,,,,,,,,,,,,,,,,,,,,,,,,,,,,,,,,,,,,,,,,,,,,,,,, -   , -   ,"(12,513.56)", -   , -   , -   , -   , -   , -   , -   , -   ,,,,,,,,,,,,,,,,,,
BSE1,3200-0000,Investment from Arcamed LLC,,300305,Contributions Distributions - Prior Year - Internal,,"(716,597.00)","(716,597.00)",,"(716,597.00)","(716,597.00)","(716,597.00)","(716,597.00)","(716,597.00)","(716,597.00)","(716,597.00)","(716,597.00)","(716,597.00)","(716,597.00)","(716,597.00)","(716,597.00)",,"(716,597.00)","(716,597.00)","(716,597.00)","(716,597.00)","(716,597.00)","(716,597.00)","(716,597.00)","(716,597.00)","(716,597.00)","(716,597.00)","(716,597.00)","(716,597.00)",,"(716,597.00)","(716,597.00)","(716,597.00)","(716,597.00)","(716,597.00)","(716,597.00)","(716,597.00)","(716,597.00)","(716,597.00)","(716,597.00)","(716,597.00)","(716,597.00)",,"(716,597.00)","(716,597.00)","(716,597.00)","(716,597.00)","(716,597.00)","(716,597.00)","(716,597.00)","(716,597.00)","(716,597.00)","(716,597.00)","(716,597.00)","(716,597.00)",,"(716,597.00)","(716,597.00)","(716,597.00)","(716,597.00)","(716,597.00)","(716,597.00)","(716,597.00)","(716,597.00)","(716,597.00)","(716,597.00)","(716,597.00)","(716,597.00)",,"(716,597.00)","(716,597.00)","(716,597.00)","(716,597.00)","(716,597.00)","(716,597.00)","(716,597.00)","(716,597.00)","(716,597.00)","(716,597.00)","(716,597.00)","(716,597.00)",,"(716,597.00)","(716,597.00)","(716,597.00)","(716,597.00)","(716,597.00)","(716,597.00)","(716,597.00)","(716,597.00)","(716,597.00)","(716,597.00)","(716,597.00)","(360,597.00)",,"(360,597.00)","(360,597.00)","(360,597.00)","(360,597.00)","(360,597.00)","(360,597.00)","(360,597.00)","(360,597.00)","(360,597.00)","(360,597.00)","(360,597.00)","(360,597.00)",,"(360,597.00)","(360,597.00)","(360,597.00)","(360,597.00)","(360,597.00)","(360,597.00)","(360,597.00)","(360,597.00)",,,,,,,=Contributions Distributions - Prior Year - Internal,,,,,,,,,,,,,,,,,,,,,,,,,,,"(716,597.00)","(716,597.00)","(716,597.00)","(716,597.00)","(716,597.00)","(716,597.00)","(716,597.00)","(716,597.00)","(716,597.00)","(360,597.00)","(360,597.00)",,,,,,,,,,,,,,,,,,
BSE2,3800-0000,Retained Earnings,,3800-0000,Retained Earnings,, -   ," 41,267.89 ",," 14,076.78 "," 14,076.78 "," 14,076.78 "," 14,076.78 "," 14,076.78 "," 14,076.78 "," 14,076.78 "," 14,076.78 "," 14,076.78 "," 14,076.78 "," 14,076.78 "," 14,076.78 ",," 4,204.16 "," 4,204.16 "," 4,204.16 "," 4,204.16 "," 4,204.16 "," 4,204.16 "," 4,204.16 "," 4,204.16 "," 4,204.16 "," 4,204.16 "," 4,204.16 "," 4,204.16 ",,"(103,584.20)","(103,584.20)","(103,584.20)","(103,584.20)","(103,584.20)","(103,584.20)","(103,584.20)","(103,584.20)","(103,584.20)","(103,584.20)","(103,584.20)","(103,584.20)",,"(261,658.61)","(261,658.61)","(261,658.61)","(261,658.61)","(261,658.61)","(261,658.61)","(261,658.61)","(261,658.61)","(261,658.61)","(261,658.61)","(261,658.61)","(261,658.61)",,"(400,677.26)","(400,677.26)","(400,677.26)","(400,677.26)","(400,677.26)","(400,677.26)","(400,677.26)","(400,677.26)","(400,677.26)","(400,677.26)","(400,677.26)","(400,677.26)",,"(581,283.89)","(581,283.89)","(581,283.89)","(581,283.89)","(581,283.89)","(581,283.89)","(581,283.89)","(581,283.89)","(581,283.89)","(581,283.89)","(581,283.89)","(581,283.89)",,"(640,883.72)","(640,883.72)","(640,883.72)","(640,883.72)","(640,883.72)","(640,883.72)","(640,883.72)","(640,883.72)","(640,883.72)","(640,883.72)","(640,883.72)","(640,883.72)",,"(688,854.91)","(688,854.91)","(688,854.91)","(688,854.91)","(688,854.91)","(688,854.91)","(688,854.91)","(688,854.91)","(688,854.91)","(688,854.91)","(688,854.91)","(688,854.91)",,"(908,822.64)","(908,822.64)","(908,822.64)","(908,822.64)","(908,822.64)","(908,822.64)","(908,822.64)","(908,822.64)",,,,,,,=Retained Earnings = Prior Year & Current Year,,,,,,,,,,,,,,,,,,,,,,,,,,, -   ," 41,267.89 "," 14,076.78 "," 4,204.16 ","(103,584.20)","(261,658.61)","(400,677.26)","(581,283.89)","(640,883.72)","(688,854.91)","(908,822.64)",,,,,,,,,,,,,,,,,,
BSE3,Current Year (Profit) Loss,,,Current Year (Profit) Loss,,," 41,267.89 ","(27,191.11)",," 7,664.42 "," 15,838.74 "," 23,039.21 "," 23,134.46 "," 20,130.55 "," 16,678.17 "," 7,635.95 "," 4,879.36 ","(1,349.39)","(6,600.22)","(10,714.24)","(9,781.67)",," 5,078.72 "," 7,007.79 ","(4,317.21)","(7,342.38)","(29,392.66)","(29,780.63)","(36,072.82)","(46,194.70)","(84,403.43)","(93,361.59)","(83,027.53)","(107,788.36)",,"(10,273.50)","(24,292.97)","(38,252.93)","(21,716.96)","(50,741.04)","(63,472.15)","(68,120.58)","(79,202.78)","(86,975.92)","(100,722.51)","(102,191.13)","(158,074.41)",,"(7,990.92)","(9,758.13)","(26,213.51)","(39,128.44)","(52,473.59)","(55,778.26)","(67,986.42)","(82,115.55)","(88,666.58)","(101,785.42)","(115,568.31)","(139,018.65)",,"(16,209.45)","(30,175.21)","(49,205.12)","(62,822.25)","(75,636.05)","(94,620.11)","(110,728.08)","(127,371.59)","(146,078.96)","(162,354.54)","(161,542.46)","(180,606.63)",,"(19,796.18)","(39,283.19)","(59,589.11)","(77,010.41)","(94,319.40)","(103,187.77)","(96,286.38)","(92,725.44)","(84,103.76)","(80,144.91)","(75,705.91)","(59,599.83)",," 9,238.28 "," 17,720.17 "," 32,775.62 "," 29,279.12 "," 31,254.73 "," 62,307.84 "," 61,542.33 "," 54,609.39 "," 44,545.27 "," 38,399.04 "," 26,929.38 ","(47,971.19)",," 4,573.85 ","(23,184.12)","(44,210.35)","(76,220.90)","(161,754.92)","(176,432.31)","(195,518.08)","(183,293.59)","(202,508.29)","(142,273.34)","(218,395.99)","(219,967.73)",,"(11,666.11)","(19,337.24)","(30,952.98)","(25,878.80)","(33,372.13)","(47,772.85)","(64,272.57)","(71,128.20)","(71,128.20)","(71,128.20)","(71,128.20)","(71,128.20)",,,,,,,,,,,,,,,,,,,,,,,,,,,,,," 41,267.89 ","(27,191.11)"," 4,879.36 ","(46,194.70)","(79,202.78)","(82,115.55)","(127,371.59)","(92,725.44)"," 54,609.39 ","(183,293.59)","(71,128.20)",,,,,,,,,,,,,,,,,,
,,,,,,, 0.00 , 0.00 ,, 0.00 , 90.95 ,(0.00), 0.00 ,(0.00), 90.95 , 90.95 , 90.95 , 90.95 , 90.95 , 90.95 , 90.95 ,, 0.00 , 0.00 , 0.00 , 0.00 , 0.00 , 0.00 ,(0.00),(0.00), -   , 0.00 , 0.00 ,(0.00),, 0.00 , 0.00 ,(0.00), 0.00 , 0.00 , 0.00 , 0.00 , 0.00 ,(0.00), -   , -   ,(0.00),, 0.00 , 0.00 , 0.00 ,(0.00), 0.00 , 0.00 ,(0.00),(0.00), 0.00 ,(0.00), 0.00 , 0.00 ,,(0.00), 0.00 , 0.00 , -   , -   , 0.00 , 0.00 ,(0.00),(0.00), 0.00 , 0.00 , 0.00 ,,(0.00), 0.00 , 0.00 , 0.00 ,(0.00), -   ,(0.00), 0.00 ,(0.00), 0.00 , 0.00 , 0.00 ,,(0.00), 0.00 , 0.00 , 0.00 , 0.00 , 0.00 , 0.00 , 0.00 , 0.00 ,(0.00), 0.00 , 0.00 ,, 0.00 , 0.00 , 0.00 , 0.00 , 0.00 ,(0.00), -   , -   , 0.00 ,(0.00), 0.00 ,(0.00),, 0.00 , 0.00 , 0.00 , 0.00 ,(0.00), 0.00 , 0.00 ,(0.00),"(71,128.20)","(71,128.20)","(71,128.20)","(71,128.20)",,,,,,,,,,,,,,,,,,,,,,,,,,,,,, 0.00 , 0.00 , 90.95 ,(0.00), 0.00 ,(0.00),(0.00), 0.00 , 0.00 , -   ,(0.00),,,,,,,,,,,,,,,,,,
,,,,,,,,,,,,,,,,,,,,,,,,,,,,,,,,,,,,,,,,,,,,,,,,,,,,,,,,,,,,,,,,,,,,,,,,,,,,,,,,,,,,,,,,,,,,,,,,,,,,,,,,,,,,,,,,,,,,,,,,,,,,,,,,,,,,,,,,,,,,,,,,,,,,,,,,,,pl total check, OK , OK , OK , OK , OK , OK , 0.00 ,-0.00 , 0.00 , 0.00 ,-0.00 ,,,,,,,,,,,,,,,,,,
PL1,4500-0000,Rental Income,,400007,Rental Revenue - Gross Rent Potential,,"(174,933.16)","(535,379.50)",,"(37,610.83)","(37,610.83)","(43,581.04)","(43,581.04)","(43,581.04)","(43,581.04)","(43,581.04)","(43,581.04)","(43,581.04)","(43,581.04)","(38,895.13)","(38,895.13)",,"(38,895.13)","(42,033.46)","(42,033.46)","(42,033.46)","(42,033.46)","(42,033.46)","(42,033.46)","(42,033.46)","(42,033.46)","(42,033.46)","(42,033.46)","(42,704.28)",,"(42,368.87)","(42,463.02)","(42,463.02)","(42,463.02)","(42,463.02)","(42,463.02)","(42,463.02)","(42,463.02)","(42,463.02)","(42,463.02)","(42,798.44)","(42,798.44)",,"(42,798.44)","(42,895.41)","(42,895.41)","(42,895.41)","(42,895.41)","(42,895.41)","(42,895.41)","(42,895.41)","(42,895.41)","(42,895.41)","(42,895.41)","(43,566.24)",,"(43,566.24)","(43,666.13)","(43,666.24)","(43,666.35)","(43,666.13)","(43,666.13)","(43,666.13)","(43,666.13)","(43,666.13)","(43,666.13)","(43,666.13)","(45,651.80)",,"(45,651.80)","(45,754.68)","(45,754.68)","(45,754.68)","(45,754.68)","(36,030.87)","(23,979.43)","(22,089.77)","(23,979.43)","(23,979.43)","(23,979.43)","(23,979.43)",,"(23,979.43)","(20,447.21)","(20,447.21)","(23,804.09)","(23,804.09)","(31,061.49)","(31,061.49)","(31,061.49)","(31,061.49)","(31,061.49)","(31,061.49)","(31,061.49)",,"(31,061.49)","(31,061.49)","(31,061.49)","(31,061.49)","(79,778.29)","(32,255.53)","(32,545.83)","(32,545.83)","(32,545.83)","(32,545.83)","(32,545.83)","(32,545.83)",,"(32,545.83)","(32,545.83)","(32,545.83)","(32,545.83)","(32,545.83)","(32,545.83)","(32,847.73)","(32,847.73)",,,,,,,,,,,,,,,,,,,,,,,,,,,,,,,,,,"(174,933.16)","(535,379.50)","(336,707.90)","(333,129.35)","(339,610.01)","(343,066.31)","(349,229.48)","(310,770.59)","(205,666.50)","(301,371.44)","(260,970.44)",,,,,,,,,,,,,,,,,,
PL1,4600-0000,Operating Cost (INCL RENT CONCEESION),,401005,CAM Revenue - Common Area,,,,,(484.75),(484.75),"(1,057.89)","(1,057.89)","(1,057.89)","(5,287.62)","(7,028.10)","(7,028.10)","(7,028.10)","(7,028.10)","(6,946.95)","(6,946.95)",,"(6,946.95)","(9,120.25)","(9,120.25)","(9,120.25)","(9,120.25)","(9,120.25)","(9,120.25)","(9,120.25)","(9,120.25)","(9,120.25)","(9,120.25)","(9,120.25)",,"(10,260.69)","(10,260.69)","(10,260.69)","(10,260.69)","(10,260.69)","(10,260.69)","(10,260.69)","(10,260.69)","(10,260.69)","(10,260.69)","(10,260.69)","(10,260.69)",,"(9,433.00)","(9,433.00)","(9,433.00)","(9,433.00)","(9,433.00)"," 2,648.11 ","(9,433.00)","(9,433.00)","(9,433.00)","(9,433.00)","(9,433.00)","(9,433.00)",,"(9,799.69)","(9,799.69)","(9,799.69)","(9,799.69)","(9,799.69)","(9,799.69)","(9,799.69)","(9,799.69)","(9,799.69)","(9,799.69)","(9,799.69)","(9,799.69)",,"(10,709.67)","(10,709.67)","(10,709.67)","(10,709.67)","(10,709.67)","(10,894.14)","(10,578.07)","(10,639.48)","(10,578.07)","(10,578.07)","(10,578.07)","(10,578.07)",,"(11,215.82)","(8,534.97)","(8,534.97)","(9,597.71)","(9,597.71)","(4,917.74)",(371.99),"(12,175.14)","(12,175.14)","(12,175.14)","(12,175.14)","(12,175.14)",,"(18,627.42)","(18,627.42)","(18,627.42)","(18,627.42)","(18,627.42)","(18,627.42)","(18,627.42)"," 43,695.47 ","(18,627.42)","(18,627.42)","(18,627.42)","(18,627.42)",,"(17,033.42)","(17,033.42)","(17,033.42)","(17,033.42)","(5,982.13)","(17,033.42)","(17,033.42)","(17,033.42)",,,,,,,=CAM Revenue - Common Area + CAM Revenue - Annual Recovery,,,,,,,,,,,,,,,,,,,,,,,,,,, -   , -   ,"(23,486.99)","(70,788.70)","(82,085.52)","(63,382.89)","(78,397.52)","(85,660.04)","(64,946.05)","(86,696.47)","(125,216.07)",,,,,,,,,,,,,,,,,,
PL1,4510-0000,Recoverable Charge Income,,401020,CAM Revenue - RE Tax,,"(5,858.00)","(5,235.50)",,,, -   ,,,,,,,,,,,,,,,,,,,"(36,638.01)",,,,,,,,,"(16,418.30)",,,,,," 15,761.87 ",,,(213.00),(213.00),(213.00),(213.00),(213.00),"(1,217.98)",(213.00),(213.00),(213.00),(213.00),(213.00),(213.00),,," 1,741.72 ",,," 3,899.98 ",,,,,,,,,(235.83),(235.83),(235.83),(235.83),(235.83),"(1,022.76)",(235.83),(235.83),(235.83),(235.83),(235.83),(235.83),,(739.03),(739.03),(739.03),"(1,889.53)","(1,889.00)","(1,889.00)","(6,193.60)","(1,889.00)","(1,889.00)","(1,889.00)","(1,889.00)","(69,591.36)",,"(7,046.72)","(7,046.72)","(7,046.72)","(7,046.72)","(7,046.72)","(7,046.72)","(7,046.72)","(35,777.08)","(7,046.72)","(7,046.72)","(7,046.72)","(7,046.72)",,"(8,221.62)","(8,221.62)","(8,221.62)","(8,221.62)","(4,187.16)","(8,221.62)","(8,221.62)","(8,221.62)",,,,,,,,,,,,,,,,,,,,,,,,,,,,,,,,,,"(5,858.00)","(5,235.50)", -   , -   ,"(16,418.30)","(2,708.98)"," 5,641.70 ","(2,673.57)","(15,967.22)","(85,104.12)","(61,738.50)",,,,,,,,,,,,,,,,,,
PL1,5800-0000,Late Fee,,,,,,,,,,,,,,,,,,"(1,251.36)","(1,376.49)",,"(1,389.01)",,"(1,277.64)",,,,,,,,,,,,,,,,,,,,,,,,,,,,,,,,,,,,,,,,,,,,,,,,,,,,,,,,,,,,,,,,,,,,,,,,,,,,,,,,,,,,,,,,,,,,,,,,,,,,,,,,,,,,,,,,,,,,,,,,,,,,,,,,,, -   , -   , -   ,"(2,666.65)", -   , -   , -   , -   , -   , -   , -   ,,,,,,,,,,,,,,,,,,
PL1,4525-0000,Early Termination Fees,,,,, -   ,"(39,747.00)",,,,,,,,,,,,,,,,,,,,,,,,,,,,,,,,,,,,,,,,,,,,,,,,,,,,,,,,,,,,,,,,,,,,,,,,,,,,,,,,,,,,,,,,,,,,,,,,,,,,,,,,,,,,,,,,,,,,,,,,,,,,,,,,,,,,,,,,,,,,,,,,,,, -   ,"(39,747.00)",,,, -   , -   , -   , -   , -   , -   ,,,,,,,,,,,,,,,,,,
PL1,5850-0000,NPT Bill Back - Parts Reimbursement,,,,,,,,,,,,,,,,,,,,,,,,,,,,,,,,,,,,,,,,,,,,,,,,,,,,,,,,,,,,,,,,,,,,,,,,,,,,,,,,,,,,,,,,,,,,,,,,,,,,,,,,,,,,,,,,,,,,,,,,,,,,,,,,,,,,,,,,,,,,,,,,,,,,,,,,, -   , -   , -   , -   , -   , -   , -   , -   , -   , -   , -   ,,,,,,,,,,,,,,,,,,
PL2.1,6132-0000,Roof Repair,,610055,CAM - R and M - Roof,, -   ," 5,000.44 ",, 220.00 , -   , 529.90 , 287.00 ,, 220.00 , 287.00 ,,,, 414.00 ,,,,, 550.60 ," 1,785.36 ", 782.70 ,,,,,,,,,, 171.60 , 25.80 ," 8,190.00 ",, 464.63 ," 3,324.03 ", 547.50 ,, 876.04 ,,,,,,, 594.03 , 602.11 ,, 130.00 , 325.00 , 344.94 ,, 327.00 ,,,,, 97.50 , 130.00 ,,,, 968.83 ,,,, 202.50 ,,, 641.13 ," 1,115.28 ",,,, 381.25 ,,,, 197.42 ,,,, 262.50 , 704.76 , 905.57 , 440.00 ,,, 273.94 ,," 1,964.85 ", 362.50 ," 1,169.39 ",, 554.00 ,                  -   , 75.00 ,,, 200.00 , -   , 460.00 ," 1,200.00 ",, 306.76 ," 4,120.00 ",,,,,,," 1,046.89 ",, 709.90 ,,,,,,,,,,,,,,,,,,,,,,,,,,,,,,,,,, -   ," 5,000.44 "," 1,543.90 "," 3,118.66 "," 12,723.56 "," 1,651.14 "," 1,196.33 "," 2,137.66 "," 2,586.77 "," 1,289.00 "," 1,756.79 ",,,,,,,,,,,,,,,,,,
PL2.1,6133-0000,HVAC Supplies,,,,, -   , 42.44 ,,,, -   ,,,,,,,,,,,,,,,,,,,,,,,,,,,,,,,,,,,,,,,,,,,,,,,,,,,,,,,,,,,,,,,,,,,,,,,,,,,,,,,,,,,,,,,,,,,,,,,,,,,,,,,,,,,,,,,,,,,,,,,,,,,,,,,,,,,,,,,,,,,,,,, -   , 42.44 , -   , -   , -   , -   , -   , -   , -   , -   , -   ,,,,,,,,,,,,,,,,,,
PL2.1,6134-0000,HVAC maintenance,,,,," 7,480.96 "," 17,734.92 ",," 3,356.10 ", 171.90 ," 5,850.00 ",, 426.30 ," 1,596.00 ", 295.65 ," 3,722.30 "," 1,664.32 ",," 3,060.17 "," 4,838.35 ",, 608.25 ," 1,000.00 "," 1,895.00 ",,,, 646.00 ,,,,,,,,,," 2,000.00 ",,," 1,050.00 ",,," 1,000.00 ",,,," 1,000.00 ",,,," 1,000.00 ",," 1,000.00 ",,, 670.00 ," 1,000.00 ",,," 2,488.83 ",,," 1,000.00 ",,," 1,000.00 ",,," 1,000.00 ",, 925.48 ,," 1,000.00 ",,," 1,000.00 ",,," 1,000.00 ",,,,,,,,,,,,,,,,,,,,,,,,,,,,,,,,,,,,,,,,,,,,,,,,,,,,,,,,,,,,,,,,,,,,,,,,,," 7,480.96 "," 17,734.92 "," 15,418.25 "," 4,149.25 "," 3,050.00 "," 3,000.00 "," 4,488.83 "," 3,000.00 ", -   , -   , -   ,,,,,,,,,,,,,,,,,,
PL2.1,6137-0000,Alarm System,,,,, -   , 420.00 ,, 105.00 , -   , -   ,,,,,,,,,,,,,,,,,,,,,,,,,,,,,,,,,,,,,,,,,,,,,,,,,,,,,,,,,,,,,,,,,,,,,,,,,,,,,,,,,,,,,,,,,,,,,,,,,,,,,,,,,,,,,,,,,,,,,,,,,,,,,,,,,,,,,,,,,,,,,,, -   , 420.00 , 105.00 , -   , -   , -   , -   , -   , -   , -   , -   ,,,,,,,,,,,,,,,,,,
PL2.1,6138-0000,Fire/Life/Safety,,610400,CAM - R and M - Fire Protection Monitoring Contract,," 3,301.08 "," 4,704.46 ",," 1,254.97 ", 158.25 , -   , 397.05 ," 1,463.90 ",, 105.00 , 158.25 , 555.10 ," 1,974.03 ", 651.41 , 158.25 ,, 105.00 , 748.37 , 214.71 , 450.64 ," 1,622.57 ", 321.78 ," 1,565.09 ", 177.56 , 484.21 , 405.98 , 192.75 , 749.75 ,, 284.70 , 422.94 , 176.94 , 356.30 ," 2,485.78 ", 176.48 , 631.15 , 179.13 , 179.13 , 295.11 , 182.41 ," 1,038.01 ",," 1,258.09 "," 4,900.39 ",(113.31), 349.75 ,,,,,,,,,, 360.00 ,,, 374.75 , 32.50 ,, 540.00 ,,,,,,,,, 299.80 ,,,, 540.00 ,,,,,,, 505.00 ,, 422.13 ,, 374.75 , 540.00 ,,,,,,,, 37.50 ,, 339.80 ,,,, 540.00 ,,,, 300.00 , 80.00 ,," 2,130.00 ", -   , 400.00 ," 1,875.00 "," 1,375.50 ",,,,,,,,,,,,,,,,,,,,,,,,,,,,,,,,,,,,," 3,301.08 "," 4,704.46 "," 3,537.42 "," 5,205.72 "," 4,713.42 "," 6,394.92 "," 1,307.25 ", 839.80 ," 1,841.88 ", 917.30 ," 5,780.50 ",,,,,,,,,,,,,,,,,,
PL2.1,6140-0000,Extermination,,6140-0000,Extermination,, -   ," 2,247.54 ",,, -   , -   , 150.00 , 150.00 , 75.00 , 75.00 ," 3,995.83 ",, 240.00 , 93.00 , 75.00 ,,,,,,,,,,,,,,,,,,,,,, 40.00 , 40.00 ,,,,, 120.00 ,, 93.00 ,(53.00),,, 40.00 , 65.00 , 40.00 , 145.00 ,,,,, 40.00 , 40.00 , 40.00 ,, 75.50 ,, 40.00 ,, 80.00 , 40.00 , 40.00 ,, 40.00 , 40.00 , 40.00 , 40.00 , 40.00 , 40.00 , 40.00 , 40.00 , 40.00 , 40.00 , 40.00 , 40.00 ,, 40.00 , 40.00 , 40.00 , 40.00 , 40.00 , 40.00 ,, 40.00 , 40.00 , 40.00 , 40.00 , 40.00 ,, 40.00 , 40.00 , 40.00 , 435.00 ,, 80.00 , 40.00 ,, 80.00 , 40.00 , 40.00 , 40.00 ,, 40.00 , 40.00 , 40.00 , 40.00 , 40.00 , 40.00 , 40.00 , 40.00 ,,,,,,,,,,,,,,,,,,,,,,,,,,,,,,,,,, -   ," 2,247.54 "," 4,445.83 ", -   , 40.00 , 265.00 , 235.50 , 320.00 , 280.00 , 675.00 , 320.00 ,,,,,,,,,,,,,,,,,,
PL2.1,6141-0000,Electrical Supplies,,,,, -   ," 2,291.54 ",,,, -   ,,,,,,,,, 162.42 ,,,,,,,,,,,,,,,,,,,,,,,,,,,,,,,,,,,,,,,,,,,,,,,,,,,,,,,,,,,,,,,,,,,,,,,,,,,,,,,,,,,,,,,,,,,,,,,,,,,,,,,,,,,,,,,,,,,,,,,,,,,,,,,,,,,,,, -   ," 2,291.54 ", -   , -   , -   , -   , -   , -   , -   , -   , -   ,,,,,,,,,,,,,,,,,,
PL2.1,6142-0000,Electrical Repair,,,,, -   ," 3,359.79 ",,,, -   ,,,,,,,,,,,,,,,,,,,,,,,,,,,,,,,,,,,,,,,,,,,,,,,,,,,,,,,,,,,,,,,,,,,,,,,,,,,,,,,,,,,,,,,,,,,,,,,,,,,,,,,,,,,,,,,,,,,,,,,,,,,,,,,,,,,,,,,,,,,,,,, -   ," 3,359.79 ", -   , -   , -   , -   , -   , -   , -   , -   , -   ,,,,,,,,,,,,,,,,,,
PL2.1,6143-0000,Plumbing Supplies,,,,, -   ," 5,463.62 ",,,, -   ,,,,,,,,," 1,079.57 ",,,,,,,,,,,,,,,,,,,,,,,,,,,,,,,,,,,,,,,,,,,,,,,,,,,,,,,,,,,,,,,,,,,,,,,,,,,,,,,,,,,,,,,,,,,,,,,,,,,,,,,,,,,,,,,,,,,,,,,,,,,,,,,,,,,,,, -   ," 5,463.62 ", -   , -   , -   , -   , -   , -   , -   , -   , -   ,,,,,,,,,,,,,,,,,,
PL2.1,6144-0000,Plumbing Repair,,,,, -   , 59.30 ,," 1,377.86 ", -   , -   ,,,,, 125.00 ,, 267.88 ,," 2,042.30 ",,,,,,,,,,,,,,,,,,,,,,,,,,,,,,,,,,,,,,,,,,,,,,,,,,,,,,,,,,,,,,,,,,,,,,,,,,,,,,,,,,,,,,,,,,,,,,,,,,,,,,,,,,,,,,,,,,,,,,,,,,,,,,,,,,,,,, -   , 59.30 ," 1,502.86 ", -   , -   , -   , -   , -   , -   , -   , -   ,,,,,,,,,,,,,,,,,,
PL2.1,6147-0000,Mileage & Travel,,,,, -   , 324.21 ,,,, 86.60 ,, 11.29 , 39.62 , 17.12 ,, 36.42 , 26.06 ,,,,,,,,,,,,,,,,,,,,,,,,,,,,,,,,,,,,,,,,,,,,,,,,,,,,,,,,,,,,,,,,,,,,,,,,,,,,,,,,,,,,,,,,,,,,,,,,,,,,,,,,,,,,,,,,,,,,,,,,,,,,,,,,,,,,,,,, -   , 324.21 , 154.63 , -   , -   , -   , -   , -   , -   , -   , -   ,,,,,,,,,,,,,,,,,,
PL2.1,6148-0000,Door/Lock/Key Repair,,,,, -   , 488.28 ,, 139.63 , -   , -   ,, 104.33 ,,, 37.47 ,,,,,," 1,570.00 "," 5,262.69 ",,,,,,,,,,,,,,,,,,,,,,,,,,,,,,,,,,,,,,,,,,,,,,,,,,,,,,,,,,,,,,,,,,,,,,,,,,,,,,,,,,,,,,,,,,,,,,,,,,,,,,,,,,,,,,,,,,,,,,,,,,,,,,,,,,, -   , 488.28 , 281.43 ," 6,832.69 ", -   , -   , -   , -   , -   , -   , -   ,,,,,,,,,,,,,,,,,,
PL2.1,6149-0000,Signs,,,,,,,,,,," 2,774.57 ",,,,,,,,,,,,,,,,,,,,,,,,,,,,,,,,,,,,,,,,,,,,,,,,,,,,,,,,,,,,,,,,,,,,,,,,,,,,,,,,,,,,,,,,,,,,,,,,,,,,,,,,,,,,,,,,,,,,,,,,,,,,,,,,,,,,,,,,,,,,,, -   , -   ," 2,774.57 ", -   , -   , -   , -   , -   , -   , -   , -   ,,,,,,,,,,,,,,,,,,
PL2.1,6152-0000,Maintenance Supplies,,,,, -   , 286.03 ,,, 329.90 , 730.48 ,,, 42.74 ,,,,,,,,,,,,,,,,,,,,,,,,,,,,,,,,,,,,,,,,,,,,,,,,,,,,,,,,,,,,,,,,,,,,,,,,,,,,,,,,,,,,,,,,,,,,,,,,,,,,,,,,,,,,,,,,,,,,,,,,,,,,,,,,,,,,,,,,,,,, -   , 286.03 ," 1,103.12 ", -   , -   , -   , -   , -   , -   , -   , -   ,,,,,,,,,,,,,,,,,,
PL2.1,6154-0000,Maintenance Personnel Wages,,,,, -   ," 9,966.25 ",, 787.50 , 800.00 ," 1,568.75 ", 212.50 , 362.50 , 462.50 , 500.00 , 387.50 , 712.50 , 537.50 , 375.00 , 550.00 ,,,,,,,,,,,,,,,,,,,,,,,,,,,,,,,,,,,,,,,,,,,,,,,,,,,,,,,,,,,,,,,,,,,,,,,,,,,,,,,,,,,,,,,,,,,,,,,,,,,,,,,,,,,,,,,,,,,,,,,,,,,,,,,,,,,,,, -   ," 9,966.25 "," 5,081.25 ", -   , -   , -   , -   , -   , -   , -   , -   ,,,,,,,,,,,,,,,,,,
PL2.1,6159-0000,R&M - Other,,610595,CAM - R and M - Other,, -   ," 1,825.00 ",,,, -   ,, 123.00 ,, 639.00 , 162.52 ,, 96.28 ,,,," 1,773.77 ", 345.00 , 622.09 , 28.80 , 90.00 ," 9,525.49 ", 335.00 , 203.00 , 119.00 , 60.00 , 592.44 , 522.96 ,," 2,500.00 ", 273.00 , 240.00 , 60.00 , 135.00 ,, 60.00 , 135.00 , 120.00 ,, 60.00 ," 1,261.80 ",, 240.00 , 195.00 , 282.00 , 270.00 ," 2,530.42 "," 1,305.00 ", 190.00 , 758.41 ," 1,930.36 ", 204.75 , 732.44 ," 1,218.75 ",, 123.50 , 370.75 , 308.75 , 292.50 ," 1,293.75 ", 520.00 , 341.25 ," 1,415.00 ", 300.00 , 810.83 , 343.50 ," 1,637.50 ",, 237.75 , 847.60 , 381.00 ," 1,226.25 ", 393.75 , 300.00 ," 1,206.00 ", 75.00 , 337.50 , 422.20 ," 1,126.57 ", 179.25 ,, 606.00 ," 1,323.00 ", 82.00 , 75.00 , 360.75 ," 1,687.00 ",, 93.75 , 193.50 ," 1,012.50 ", 37.50 , 37.50 ,," 1,074.75 ", 282.50 ," 1,096.00 ",, 140.00 , 922.49 , 200.00 , 80.00 ," 1,056.00 "," 1,705.49 ", 361.71 , 699.72 ,, 280.00 , 202.50 ," 3,036.40 ", 516.22 , 200.00 , 201.00 ,," 1,135.00 ",,,,,,,=CAM R&M - Other,,,,,,,,,,,,,,,,,,,,,,,,,,, -   ," 1,825.00 ", 924.52 ," 12,923.15 "," 3,403.00 "," 5,770.83 "," 4,665.50 "," 4,667.35 "," 4,227.50 "," 3,795.74 "," 5,571.12 ",,,,,,,,,,,,,,,,,,
PL2.1,,,,610600,CAM - R and M - Cleaning - Building,,,,,,,,,,,,,,,,,,,,,,,,,,,,,,,,,,,,,,,,,,,,,,,,, 600.00 , 475.00 ,,,,,,,,,,, 475.00 ,,,, 487.50 ,,,,,,,,,,,,,,,,,,,,,,,,,,,,,,,,,,,,,,,,,,,,,,,,,,,,,,,,,,,,,,,,,,,,,,,,,,,,,,,,,,,,, -   , -   , -   , -   , -   ," 1,075.00 ", 475.00 , -   , -   , -   , -   ,,,,,,,,,,,,,,,,,,
PL2.2,6172-0000,Electricity,,640005,CAM - Utilities - Electric,, 996.16 ," 8,415.50 ",," 1,526.33 ", -   ,(628.61), 498.83 ," 1,705.21 "," 1,705.21 ","(1,020.59)", 582.05 , 584.76 , 559.85 , 627.37 , 575.16 ,, 586.19 , 559.85 , 784.31 , 517.90 , 517.51 , 517.32 , 594.27 , 506.67 , 505.59 , 502.15 , 597.86 , 596.89 ,, 584.13 , 595.71 , 608.44 , 589.36 , 602.19 , 627.95 , 641.66 , 621.28 , 611.26 , 626.02 , 621.95 , 611.85 ,, 624.36 , 625.04 , 633.48 , 666.71 , 664.69 , 652.15 , 653.70 , 653.99 , 642.55 , 684.99 , 691.41 , 698.97 ,, 753.41 , 738.99 ,, 741.32 ," 1,456.74 ", 707.83 , 727.78 , 721.81 , 715.34 , 814.35 , 837.53 , 850.68 ,, 917.63 , 912.51 , 860.35 , 813.32 , 804.21 , 792.73 , 685.71 , 760.00 ," 8,106.63 "," 2,806.84 ","(8,741.08)"," 1,807.55 ",,"(1,356.00)"," 1,201.00 ", 570.00 ," 1,086.95 ", 935.07 , 756.54 ," 1,231.83 ", 717.29 , 750.00 , 621.93 , 707.13 , 707.13 ,, 637.80 ," 2,353.77 ", 106.20 ," 1,337.98 ","(1,484.13)", 710.18 , 733.41 , 756.13 , 764.05 , 802.56 , 792.40 , 791.74 ,, 791.15 , 788.18 , 765.94 , 743.14 , 753.41 , 702.08 , 798.13 , 754.35 ,,,,,,,=CAM - Utilities - Electric  + CAM -Utlitiles - Other,,,,,,,,,,,,,,,,,,,,,,,,,,, 996.16 ," 8,415.50 "," 4,368.43 "," 4,584.02 "," 4,870.72 "," 5,174.12 "," 5,847.88 "," 6,546.46 "," 5,142.68 "," 5,151.34 "," 6,096.38 ",,,,,,,,,,,,,,,,,,
PL2.2,6173-0000,Gas,,,,,,,,, -   , -   ,,,,,,,,,,,,,,,,,,,,,,,,,,,,,,,,,,,,,,,,,,,,,,,,,,,,,,,,,,,,,,,,,,,,,,,,,,,,,,,,,,,,,,,,,,,,,,,,,,,,,,,,,,,,,,,,,,,,,,,,,,,,,,,,,,,,,,,,,,,,,,, -   , -   , -   , -   , -   , -   , -   , -   , -   , -   , -   ,,,,,,,,,,,,,,,,,,
PL2.2,6175-0000,Telephone Service,,,,, 71.23 ," 1,866.70 ",,,, -   , 228.00 ,, 228.00 , 152.00 , 152.00 , 152.00 ,(364.23), 152.00 , 105.00 ,,,,,,,,,,,,,,,,,,,,,,,,,,,,,,,,,,,,,,,,,,,,,,,,,,,,,,,,,,,,,,,,,,,,,,,,,,,,,,,,,,,,,,,,,,,,,,,,,,,,,,,,,,,,,,,,,,,,,,,,,,,,,,,,,,,,,, 71.23 ," 1,866.70 ", 760.00 , -   , -   , -   , -   , -   , -   , -   , -   ,,,,,,,,,,,,,,,,,,
PL2.2,6176-0000,Water & Sewer,,640050,CAM - Utilities - Water and Sewer,," 3,214.01 "," 9,072.32 ",, 527.61 , 527.61 , 527.61 , 539.82 , 629.29 , 829.04 , 829.04 , 820.89 , 853.48 , 604.99 , 511.31 , 523.53 ,, 713.18 , 484.22 , 471.35 , 644.37 , 668.23 , 647.56 , 576.42 , 728.74 , 804.35 ," 1,259.57 ", 766.05 , 596.50 ,, 576.27 , 606.02 , 593.14 , 541.81 , 444.91 , 436.09 , 468.83 , 434.34 , 498.45 , 474.03 , 480.18 , 479.61 ,, 443.76 , 717.07 , 469.93 , 492.29 , 501.20 , 496.87 , 510.59 , 506.55 , 474.78 , 476.95 , 489.16 , 518.09 ,, 489.29 , 478.47 , 487.35 , 500.00 , 543.66 , 516.27 , 520.13 , 519.06 , 501.94 , 626.90 , 541.40 , 571.55 ,, 534.73 , 608.38 , 556.08 , 597.21 , 589.70 , 558.83 , 558.65 , 558.73 , 555.94 , 541.97 , 524.66 , 418.14 ,, 768.34 , 730.69 , 722.33 , 693.51 , 720.46 , 630.24 , 766.00 , 504.71 , 629.36 , 627.23 , 668.73 , 669.71 ,, 637.68 , 676.57 , 667.31 , 724.70 , 728.40 , 717.74 , 786.78 , 719.22 , 680.72 , 717.37 , 669.25 , 668.81 ,, 637.87 , 686.20 , 646.99 , 749.79 , 681.88 , 641.26 , 644.35 , 636.32 ,,,,,,,,,,,,,,,,,,,,,,,,,,,,,,,,,," 3,214.01 "," 9,072.32 "," 5,230.91 "," 4,934.07 "," 4,101.41 "," 4,138.26 "," 4,054.23 "," 4,562.31 "," 5,536.28 "," 5,658.40 "," 5,324.66 ",,,,,,,,,,,,,,,,,,
PL2.3,6186-0000,Lawncare Contract - exterior,,620500,CAM - Grounds - General,," 3,106.00 "," 12,430.99 ",,,, -   ,,," 3,185.28 "," 1,547.14 "," 1,547.14 "," 1,547.14 "," 1,747.14 ",,,,,,," 2,900.89 "," 1,353.75 "," 1,353.75 "," 1,413.75 "," 1,353.75 "," 1,653.75 "," 1,353.75 "," 2,313.75 ", 100.00 ,,,, 166.40 ," 1,353.75 "," 1,353.75 "," 1,353.75 "," 1,353.75 "," 2,435.89 "," 1,353.75 "," 1,353.75 "," 1,353.75 ", 30.00 ,,,,," 1,353.75 "," 1,353.75 "," 1,353.75 "," 1,353.75 "," 1,353.75 "," 1,353.75 "," 1,402.50 "," 1,353.75 ",,,,,," 1,489.00 "," 1,602.75 "," 1,489.00 "," 1,489.00 "," 1,489.00 "," 1,489.00 "," 1,489.00 "," 1,489.00 ",,,,,," 1,489.00 "," 1,489.00 "," 5,823.85 "," 1,489.00 "," 2,739.00 "," 1,489.00 "," 1,489.00 "," 1,489.00 ", -   ,,,,," 1,533.80 "," 1,533.80 "," 1,533.80 "," 1,533.80 "," 1,533.80 "," 1,533.80 "," 1,533.80 "," 1,533.80 ",,,,,," 1,554.42 "," 1,554.42 "," 1,904.42 "," 1,904.42 "," 1,554.42 "," 1,554.42 "," 3,458.84 ", -   ,,,," 1,115.60 "," 1,115.60 "," 4,367.60 "," 1,488.31 "," 1,137.91 "," 1,115.60 "," 1,115.60 ",,,,,,,,,,,,,,,,,,,,,,,,,,,,,,,,,," 3,106.00 "," 12,430.99 "," 6,279.56 "," 8,375.89 "," 8,017.29 "," 6,768.75 "," 7,558.75 "," 13,029.85 "," 7,669.00 "," 8,472.10 "," 11,456.22 ",,,,,,,,,,,,,,,,,,
PL2.3,6188-0000,Lot Repair and Maintenance,,610075,CAM - R and M - Parking Lot,, -   ," 1,374.00 ",,,, -   ,,,,,,,,,,,,,,,, 375.00 ,,,,,,,,,,,,,," 1,650.00 ",,,,,,,,,, 38.47 ,,,,," 6,975.00 ",,,,,,,,,,,,,,," 20,000.00 ",,,, 750.00 ,,,,,,,,,,,,,,,,,,,,,,,,,,,,,,,,,," 74,311.08 ","(56,371.78)",,,,,,,,,,,,,,,,,,,,,,,,,,,,,,,,,,,,,,,,,,,, -   ," 1,374.00 ", -   , 375.00 ," 1,650.00 ", 38.47 , -   , 750.00 , -   , -   , -   ,,,,,,,,,,,,,,,,,,
PL2.3,6188-0003,Exterior light maintenance,,,,, 160.62 , 300.00 ,,,, -   ,,,,,,,,,,,,,,,,,,,,,,,,,,,,,,,,,,,,,,,,,,,,,,,,,,,,,,,,,,,,,,,,,,,,,,,,,,,,,,,,,,,,,,,,,,,,,,,,,,,,,,,,,,,,,,,,,,,,,,,,,,,,,,,,,,,,,,,,,,,,,,, 160.62 , 300.00 , -   , -   , -   , -   , -   , -   , -   , -   , -   ,,,,,,,,,,,,,,,,,,
PL2.3,6189-0000,Snow Removal,,630500,CAM - Snow Removal - Push and Salt,, -   ," 9,995.00 ",, 830.00 ," 5,895.00 "," 2,585.00 "," 2,495.00 ",, 850.00 ,,,,,," 1,280.00 ",," 7,688.75 "," 4,725.00 ", 305.00 ,,,,,,,," 2,057.50 "," 2,095.00 ",, 540.00 ," 1,285.00 "," 1,150.00 ",,,,,,,,, 845.00 ,," 3,147.50 "," 8,597.50 ",, 100.00 ,,,,,,,,,,," 5,457.50 "," 1,185.00 "," 2,686.25 ",,,,,,,, 685.00 ,, 100.00 ," 1,702.50 ", 755.00 ,,,,,,,,,,," 7,140.00 "," 2,200.00 ",,,,,,,,,," 3,232.50 ",," 8,228.75 "," 5,907.50 ", 282.50 ,,,,,,,,," 13,370.00 ",," 2,160.00 "," 7,908.75 "," 3,030.00 ",,,,,,,,,,,,,,,,,,,,,,,,,,,,,,,,,,,,,,, -   ," 9,995.00 "," 12,655.00 "," 12,718.75 "," 2,975.00 "," 11,845.00 "," 9,328.75 "," 2,557.50 "," 9,340.00 "," 14,418.75 "," 13,098.75 ",,,,,,,,,,,,,,,,,,
PL2.3,6190-0000,R&G - Other,,,,, -   , 52.01 ,,,, -   ,,,,,,,,,,,,,,,,,,,,,,,,,,,,,,,,,,,,,,,,,,,,,,,,,,,,,,,,,,,,,,,,,,,,,,,,,,,,,,,,,,,,,,,,,,,,,,,,,,,,,,,,,,,,,,,,,,,,,,,,,,,,,,,,,,,,,,,,,,,,,,, -   , 52.01 , -   , -   , -   , -   , -   , -   , -   , -   , -   ,,,,,,,,,,,,,,,,,,
PL2.4,6227-0000,Window Cleaning,,,,, -   ," 1,880.00 ",,,, 475.00 ,,, 400.00 ,,, 400.00 ,,,,, 475.00 ,,,,,,,,,,,,,,,,,,,,,, 475.00 ,,,,,,,,,,,,,,,,,,,,,,,,,,,,,,,,, 475.00 ,,,,,,,,,,,,,,,,,,,,,,,,,, 475.00 ,,,,,,,,,,,,, 475.00 ,,,,,,,,,,,,,,,,,,,,,,,,,,,,,,,,,,,,,, -   ," 1,880.00 ", 875.00 , 475.00 , -   , -   , -   , 475.00 , -   , 475.00 , 475.00 ,,,,,,,,,,,,,,,,,,
PL2.5,6325-0000,Insurance,,600195,CAM - Insurance - Other,," 4,620.45 "," 11,549.83 ",," 1,016.24 "," 1,016.24 "," 1,016.24 "," 1,016.24 "," 1,016.24 "," 1,016.24 "," 1,016.28 "," 1,073.83 "," 1,073.83 "," 1,073.83 "," 1,073.83 "," 1,073.83 ",," 1,073.83 "," 1,073.83 "," 1,073.83 "," 1,073.83 "," 1,073.83 "," 1,073.83 "," 1,073.87 "," 1,177.84 "," 1,073.87 "," 1,281.85 "," 1,177.84 "," 1,177.84 ",," 1,177.84 "," 1,177.84 "," 1,177.84 "," 1,177.84 "," 1,177.84 "," 1,177.84 "," 1,177.72 "," 1,229.84 "," 1,229.84 "," 1,229.84 "," 1,229.84 "," 1,229.84 ",," 1,229.84 "," 1,229.84 "," 1,229.84 "," 1,229.84 "," 1,229.84 "," 1,229.84 "," 1,229.76 "," 1,192.17 "," 1,192.17 "," 1,192.17 "," 1,192.17 "," 1,192.17 ",," 1,192.17 "," 1,192.17 "," 1,192.17 "," 1,192.17 "," 1,192.17 "," 1,192.17 "," 1,192.13 "," 1,204.75 "," 1,204.75 "," 1,204.75 "," 1,204.75 "," 1,204.75 ",," 1,204.75 "," 1,204.75 "," 1,204.75 "," 1,204.75 "," 1,204.75 "," 1,204.75 "," 1,204.75 "," 1,915.75 "," 1,204.75 "," 1,204.75 "," 1,204.75 "," 1,131.42 ",," 1,190.08 "," 1,190.08 "," 1,190.08 "," 1,190.08 "," 1,190.08 "," 1,190.08 "," 1,190.08 "," 1,190.08 "," 1,190.08 "," 1,190.08 "," 2,300.08 "," 1,295.08 ",," 1,295.08 "," 1,295.08 "," 1,295.08 "," 1,295.08 "," 1,295.08 "," 1,295.08 "," 1,295.14 "," 2,189.12 "," 1,468.08 "," 1,468.08 "," 1,468.08 "," 1,468.08 ",," 1,468.08 "," 1,468.08 "," 1,468.08 "," 1,468.08 "," 1,468.08 "," 1,468.08 ", 767.08 ," 1,920.00 ",,,,,,,=Insurance Other + Insurance Umbrella,,,,,,,,,,,,,,,,,,,,,,,,,,," 4,620.45 "," 11,549.83 "," 8,187.55 "," 8,694.69 "," 9,474.60 "," 9,800.97 "," 9,549.90 "," 10,349.00 "," 9,520.64 "," 11,254.74 "," 11,495.56 ",,,,,,,,,,,,,,,,,,
PL2.6,6345-0000,Association Dues,,600005,CAM - Association Dues,," 2,387.04 "," 6,437.65 ",," 1,387.04 ", -   , -   ," 1,387.04 ",,," 1,387.04 ",,," 1,387.04 ",,,," 1,387.04 ",,," 1,387.04 ",,," 1,387.04 ",,," 1,387.04 ",,,," 1,387.04 ",,," 1,387.04 ",,," 1,387.04 ",,," 1,387.04 ",,,," 1,387.04 ",,," 1,387.04 ",,," 1,387.04 ",,," 1,387.04 ",,,," 1,387.04 ",,," 1,387.04 ",,," 1,387.04 ",,," 1,387.04 ",,,," 1,517.23 ",,," 1,517.23 ",,," 1,517.23 ",,," 1,517.23 ",,,," 1,505.52 ",,," 1,505.52 ",,," 1,505.52 ",,," 1,505.52 ",,,," 1,721.49 ",                  -   , -   ," 1,721.49 ",,," 1,721.49 ",,," 1,721.49 ",,,," 1,714.61 ",,," 1,714.61 ",,," 1,714.61 ",,,,,,,,,,,,,,,,,,,,,,,,,,,,,,,,,,," 2,387.04 "," 6,437.65 "," 4,161.12 "," 4,161.12 "," 4,161.12 "," 4,161.12 "," 4,161.12 "," 4,551.69 "," 4,516.56 "," 5,164.47 "," 5,143.83 ",,,,,,,,,,,,,,,,,,
PL2.6,6350-0000,Property Tax,,600500,CAM - Real Estate Taxes,," 52,079.35 "," 131,675.65 ",," 11,158.67 "," 11,158.67 "," 11,158.67 "," 11,158.67 "," 11,509.12 "," 11,509.12 "," 11,509.12 "," 11,509.12 "," 11,509.12 "," 11,509.12 "," 11,509.12 "," 11,509.12 ",," 11,509.12 "," 11,509.12 "," 11,509.12 "," 11,509.12 ","(2,918.00)"," 11,509.12 "," 11,509.12 "," 11,509.12 "," 19,278.58 "," 11,509.12 "," 7,942.78 ","(13,999.14)",," 10,229.17 "," 10,229.17 "," 10,229.17 "," 10,229.17 "," 8,630.17 "," 10,229.17 "," 10,229.17 "," 10,229.17 "," 10,229.17 "," 10,229.17 "," 10,229.17 "," 10,229.17 ",," 10,843.59 "," 10,843.59 "," 10,843.59 "," 10,843.59 "," 8,730.93 "," 10,843.59 "," 10,843.59 "," 10,843.59 "," 10,843.59 "," 10,843.59 "," 10,843.59 "," 6,045.19 ",," 10,040.00 "," 10,040.00 "," 10,040.00 "," 10,040.00 "," 10,040.00 "," 10,040.00 "," 10,040.00 "," 10,040.00 "," 10,040.00 "," 10,040.00 "," 10,040.00 "," 10,040.00 ",," 11,127.34 "," 11,127.34 "," 11,127.34 "," 11,127.34 "," 11,127.34 "," 11,127.34 "," 11,127.34 "," 11,127.34 "," 11,127.34 "," 11,127.34 "," 11,127.34 "," 25,594.26 ",," 12,571.67 "," 12,571.67 "," 12,571.67 "," 10,459.69 "," 12,571.67 "," 12,571.67 "," 12,571.67 "," 12,571.67 "," 12,571.67 "," 12,571.67 "," 12,571.67 "," 7,594.63 ",," 12,156.92 "," 13,740.72 "," 12,948.82 ","(6,745.40)","(5,730.29)"," 12,948.82 "," 12,948.82 "," 13,242.79 "," 12,985.57 "," 12,985.57 "," 12,985.57 "," 12,985.57 ",," 15,082.73 "," 15,082.73 "," 15,082.73 "," 25,391.29 "," 1,540.32 "," 15,082.73 "," 15,082.73 "," 15,082.73 ",,,,,,,,,,,,,,,,,,,,,,,,,,,,,,,,,," 52,079.35 "," 131,675.65 "," 90,671.16 "," 77,645.84 "," 80,234.36 "," 84,636.06 "," 80,320.00 "," 89,018.72 "," 98,461.38 "," 65,511.20 "," 117,427.99 ",,,,,,,,,,,,,,,,,,
PL2.6,,,,600505,CAM - Real Estate Tax Consulting,,,,,,,,,,,,,,,,,,,,,,,,,,,,,,,,,, 634.41 ,,,,,,,,,,,,,,,,,,,,,,,,,,, 139.00 ,,,,,,,,,,,,," 3,509.32 ",,,,,,,,,,,,,,,,,,,,,,,,,," 2,538.26 "," 4,669.78 ",,,,,, 225.00 ,,,,,,,, 300.00 ,,,,,,,,,,,,,,,,,,,,,,,,,,,,,,,,,,, -   , -   , -   , -   , 634.41 , -   , 139.00 ," 3,509.32 ", -   ," 7,208.04 ", 300.00 ,,,,,,,,,,,,,,,,,,
PL2.7,6601-0000,Public Relations,,,,, -   , 141.95 ,,,, -   ,,,,,,,,,,,,,,,,,,,,,,,,,,,,,,,,,,,,,,,,,,,,,,,,,,,,,,,,,,,,,,,,,,,,,,,,,,,,,,,,,,,,,,,,,,,,,,,,,,,,,,,,,,,,,,,,,,,,,,,,,,,,,,,,,,,,,,,,,,,,,,, -   , 141.95 , -   , -   , -   , -   , -   , -   , -   , -   , -   ,,,,,,,,,,,,,,,,,,
PL2.7,6604-0000,Postage & Delivery,,,,, 15.35 , 122.40 ,,, 3.72 , 6.58 ,, 4.70 , 4.23 , 7.05 , 3.76 , 4.23 , 5.17 , 4.70 , 2.82 ,, 6.58 ,,,,,,,,,,,,,,,,,,,,,,,,,,,,,,,,,,,,,,,,,,,,,,,,,,,,,,,,,,,,,,,,,,,,,,,,,,,,,,,,,,,,,,,,,,,,,,,,,,,,,,,,,,,,,,,,,,,,,,,,,,,,,,,,,,,, 15.35 , 122.40 , 30.04 , 6.58 , -   , -   , -   , -   , -   , -   , -   ,,,,,,,,,,,,,,,,,,
PL2.7,6605-0000,Bank Charges Expense,,6605-0000,Bank Charges Expense,, -   , 269.00 ,, 38.69 , 42.43 , 52.01 , 52.55 , 47.17 , 48.14 , 46.46 , 56.53 , 56.72 , 39.95 ,, 11.24 ,, 34.69 , 15.00 ,, 45.00 , 30.00 , 45.00 , 45.00 ,(195.00),,,,,,,,,,,,,,,,,,,,,,,,,,,,,,,,,,,,,,,,,,,,,,,,,,,,,,,,,,,,,,,,,,,, 1.90 ,,, 0.95 ,                  -   , 1.90 ,, 0.95 ,,,,,, 1.90 ,,,,, 0.50 ,, 33.00 ,,,,,,,,,,,,,,,,,,,,,,,,,,,,,,,,,,,,, -   , 269.00 , 383.98 , 19.69 , -   , -   , -   , -   , -   , 3.80 , 33.50 ,,,,,,,,,,,,,,,,,,
PL2.7,6607-0000,Property Management Fee,,600300,CAM - Management Fees,," 5,315.90 "," 17,974.70 ",," 1,142.87 "," 1,142.87 "," 1,339.17 "," 1,336.38 "," 1,339.17 "," 1,417.87 "," 1,515.27 "," 1,518.27 "," 1,553.58 "," 1,518.27 "," 1,375.26 "," 1,364.16 ",," 1,990.93 "," 2,358.23 ", 914.70 ," 3,489.69 "," 3,138.12 "," 2,531.51 "," 2,164.67 "," 2,910.35 "," 2,393.67 "," 2,068.99 "," 2,697.81 "," 2,162.45 ",," 2,436.11 "," 2,162.37 "," 2,127.31 "," 1,798.01 "," 2,604.33 "," 2,876.50 "," 2,985.03 "," 2,835.21 "," 2,627.01 "," 1,255.23 ", 932.43 ,"(22,315.96)",," 1,311.11 "," 1,313.54 "," 1,313.54 "," 1,313.54 "," 1,313.54 "," 1,036.63 "," 1,313.54 "," 1,313.54 "," 1,313.54 "," 1,313.54 "," 1,313.54 "," 1,330.31 ",," 1,334.15 "," 1,293.10 "," 1,336.65 "," 1,336.65 "," 1,239.15 "," 1,336.65 "," 1,336.65 "," 1,336.65 "," 1,336.65 "," 1,336.65 "," 1,336.65 "," 1,386.29 ",," 1,414.93 "," 1,417.51 "," 1,417.51 "," 1,417.51 "," 1,417.51 "," 1,198.69 ", 869.83 , 824.13 , 869.83 , 869.83 , 869.83 , 869.83 ,," 1,078.03 ", 891.63 , 891.63 ," 1,058.73 "," 1,058.72 "," 1,136.05 "," 1,299.28 "," 1,517.17 "," 1,487.82 "," 1,416.12 "," 1,452.53 "," 1,386.49 ",," 1,976.77 "," 1,853.27 "," 1,886.38 "," 1,747.77 "," 1,709.60 "," 1,769.86 "," 1,795.73 ", 892.08 ," 1,874.39 "," 1,871.28 "," 1,877.13 "," 1,841.85 ",," 1,741.23 "," 1,769.43 "," 1,760.40 "," 1,848.44 "," 1,299.99 "," 1,846.67 "," 1,994.63 "," 2,255.04 ",,,,,,,,,,,,,,,,,,,,,,,,,,,,,,,,,," 5,315.90 "," 17,974.70 "," 10,751.87 "," 19,498.20 "," 19,824.87 "," 10,228.98 "," 10,549.65 "," 9,977.62 "," 8,931.24 "," 13,631.46 "," 14,515.83 ",,,,,,,,,,,,,,,,,,
PL2.7,6609-0000,Legal & Accounting,,600200,CAM - Professional Fees,, -   , 627.00 ,,,, -   ,,,,,,,,,,,," 1,339.50 ", 441.00 , 228.00 ,,,,(669.00),,,," 8,398.82 ",,,,,,,,,,,,,,,,,,,,,,,,,,,,,, 826.50 ,,, 32.00 ,,,,,,,,,,,, 250.00 ,,,,, 659.19 ,,,, 381.41 , 223.39 ,,,, 32.00 ,,,,, 604.84 ,,,,,, 643.48 , 500.00 ,,,,,,,,, 391.95 ,,," 1,025.00 ",,,, 54.00 ,,,,,,,=CAM Professional Fees + Computer Access,,,,,,,,,,,,,,,,,,,,,,,,,,, -   , 627.00 , -   ," 1,339.50 ", -   , -   , 858.50 , 250.00 , 636.80 ," 1,143.48 "," 1,470.95 ",,,,,,,,,,,,,,,,,,
PL3.8,6609-9999,Admin Other,,840290,NC - Maintenance - Other,,, 24.70 ,, 10.43 , 11.37 , 13.55 , 20.00 , 12.50 , 12.53 , 21.25 , 10.00 , 11.00 , 11.00 , 13.17 , 12.00 ,, 27.00 ,,,,,,, 0.90 ,,,,,,,,," 19,309.33 ",,,,," 5,752.00 ","(1,649.63)",, 435.00 ,," 1,577.00 "," 1,653.00 ",,,,,,,,,,,,,,,,,,,,,,,,,,,,,,,,," 1,550.00 ",, 69.00 ,,,,,,,,,,,,,,,,,,,,,,, 124.08 ,, 357.04 ,,,,,,,,,,,,,,,,,,,,,,,,,,,,,,,,,,,,,,,,,,,,, -   , 24.70 , 111.63 , 27.90 ," 19,309.33 "," 3,230.00 ", -   , -   , -   , 124.08 , -   ,,,,,,,,,,,,,,,,,,
PL3.8,6701-0000,NPT - Public Relations,,,,, -   , 702.63 ,,,, -   , 144.45 ,,,,,, 137.50 ,, 180.00 ,,,,,,,,,,,,,,,,,,,,,,,,,,,,,,,,,,,,,,,,,,,,,,,,,,,,,,,,,,,,,,,,,,,,,,,,,,,,,,,,,,,,,,,,,,,,,,,,,,,,,,,,,,,,,,,,,,,,,,,,,,,,,,,,,,,,,, -   , 702.63 , 144.45 , -   , -   , -   , -   , -   , -   , -   , -   ,,,,,,,,,,,,,,,,,,
PL3.8,6701-0001,NPT - Miscellaneous,,,,, 428.56 , 152.98 ,,,, 987.00 , 706.81 , 800.00 ,,,," 1,500.00 ",,,,,," 1,052.38 "," 1,668.41 ", 385.78 ,(842.85), 200.13 ," 1,000.00 ", 60.00 , 830.86 ,," 20,467.32 "," 2,265.90 ",,,,,,,,, 134.85 ,,,,,,,,,,,,, 229.77 ,,,, 520.00 ,,,,,,,,, 335.00 ,,,,,,,,, 4.84 ,,,(4.84), 197.13 ,,,,,, 107.50 , 45.94 , 37.50 , 75.00 , 61.02 ,, 823.85 , 468.86 , 349.28 ,, 373.85 ,,,,,,,,,,,,,,,,,,,,,,, 225.00 ,,,,,,,=NC - Maintenance - Other,,,,,,,,,,,,,,,,,,,,,,,,,,, 428.56 , 152.98 ," 2,493.81 "," 3,523.85 ", 134.85 , 229.77 , 335.00 , 197.13 ," 1,619.67 ", -   , 225.00 ,,,,,,,,,,,,,,,,,,
PL3.3,6703-0000,NPT - Leasing Commissions,,900050,Amortization - Prepaid Lease Commission,, -   ," 45,633.44 ",,, 425.41 , 425.41 , 425.41 , 425.41 , 425.41 , 425.41 , 425.41 , 425.41 , 425.41 , 425.41 , 425.41 ,, 425.41 , 755.41 , 755.41 , 755.41 , 755.41 , 755.41 , 755.41 , 755.41 , 755.41 , 755.41 , 755.41 , 755.41 ,, 755.41 , 755.41 , 755.41 , 755.41 , 755.41 , 755.41 , 755.41 , 755.41 , 755.41 , 755.41 , 755.41 , 755.41 ,, 755.41 , 755.41 , 755.41 , 755.41 , 755.41 , 755.41 , 755.41 , 755.41 , 755.41 , 755.41 , 755.41 , 755.41 ,," 1,533.58 "," 1,533.58 "," 1,533.58 "," 1,533.58 "," 1,533.58 "," 1,533.58 "," 1,533.58 "," 1,533.58 "," 1,533.58 "," 1,533.58 "," 1,533.58 "," 1,533.58 ",," 1,533.58 "," 1,533.58 "," 1,533.58 "," 1,533.58 "," 1,533.58 "," 1,533.58 "," 1,533.58 "," 1,533.58 "," 1,533.58 "," 1,533.58 "," 1,533.58 "," 1,533.58 ",," 1,533.58 ",(352.76), 425.41 , 425.41 , 425.41 , 425.41 , 425.41 , 425.41 , 425.41 , 425.41 , 425.41 ," 4,570.74 ",, 425.41 ," 1,609.79 "," 1,017.60 "," 1,017.60 "," 1,017.60 "," 1,017.60 "," 1,017.60 "," 1,017.60 "," 1,017.60 "," 1,017.60 "," 1,017.60 "," 1,017.60 ",," 1,017.60 "," 1,017.60 "," 1,017.60 "," 1,017.60 "," 1,017.60 "," 1,017.60 "," 1,017.60 "," 1,017.60 ",,,,,,,,,,,,,,,,,,,,,,,,,,,,,,,,,, -   ," 45,633.44 "," 2,977.87 "," 5,713.28 "," 6,043.28 "," 6,043.28 "," 12,268.64 "," 12,268.64 "," 3,733.28 "," 8,140.80 "," 8,140.80 ",,,,,,,,,,,,,,,,,,
PL3.4,6703-0001,NPT - Vacant Electric,,,,," 2,942.88 "," 6,118.66 ",,,," 3,222.34 ",,,,,,,, 187.65 ,,, 510.56 ,,(505.57),,,,,,,,,,,,,,,,,,,,,,,,,,,,,,,,,,,,,,,,,,,,,,,,,,,,,,,,,,,," 13,060.82 "," 2,512.82 ",," 2,976.77 "," 2,426.00 "," 5,953.00 ","(3,025.77)",,,"(3,681.00)",,,,,,,,,,,,,,,,,,,,,,,,,,,,,,,,,,,,,,,,,,,,,,,,,,,,,,,,,,,,," 2,942.88 "," 6,118.66 "," 3,222.34 ", 4.99 , -   , -   , -   , -   ," 4,649.00 ", -   , -   ,,,,,,,,,,,,,,,,,,
PL3.4,6703-0002,NPT - Vacant Gas,,,,, 77.89 ," 1,854.50 ",,," 1,113.13 ", 328.60 ,(328.60),,,,,,,,,,, 577.40 ,(264.88),,,,,,,,,,,,,,,,,,,,,,,,,,,,,,,,,,,,,,,,,,,,,,,,,,,,,,,,,,,,,,,,,,,,,,,,,,,,,,,,,,,,,,,,,,,,,,,,,,,,,,,,,,,,,,,,,,,,,,,,,,,,,,,,,, 77.89 ," 1,854.50 "," 1,113.13 ", 312.52 , -   , -   , -   , -   , -   , -   , -   ,,,,,,,,,,,,,,,,,,
PL3.5,6703-0006,NPT - Legal & Accounting Fees,,800410,NC - Admin - Legal Expense,," 44,467.69 "," 3,876.00 ",,," 2,052.00 ", -   ,,,,,,," 1,592.50 "," 1,000.00 ", 427.50 ,,,,,,,,,,,,,,,,,,,,, 117.50 ,,,,,,,,,,,,,,,,,,,,,,,,,,,,,,,,,,,,,,,, 541.50 , 598.50 , 342.00 , 798.00 , 684.00 ,,,,,," 1,596.00 ",,,,,,,,, 285.00 , 21.14 , -   ,,(21.14),, 225.00 ,,,, 180.00 ,,,," 1,395.00 ", 57.00 ,, 85.50 ,, 85.50 ,,,,,,,,,,,,,,,,,,,,,,,,,,,,,,,,,,," 44,467.69 "," 3,876.00 "," 2,052.00 ", -   , 117.50 , -   , -   , 541.50 ," 1,596.00 ", 510.00 ," 1,623.00 ",,,,,,,,,,,,,,,,,,
PL3.6,900780,NonOps - Other - Tax/Audit Fees,,,,,,,,,,,,,,,,,,,,,,,,,,,,,,,,,,,,,,,,,,,,,,,,,,,,,,,,,,,,,,,,,,,,,,,,,,,,,,," 3,240.00 ",,,,,,,,," 5,298.96 ",,,," 3,240.00 "," 2,713.73 ",,,"(3,240.00)"," 1,228.78 ",,,,," 3,690.00 "," 1,600.00 ", 738.00 ,, 738.00 , 280.00 ," 2,196.15 ",, 738.00 ,,,,," 3,119.00 ",," 1,250.00 ",,,,,,,,,,,,,,,,,,,,,,,,,,,,,,,,,,,, -   , -   , -   , -   , -   , -   , -   ," 3,240.00 "," 11,252.69 "," 6,766.00 "," 4,369.00 ",,,,,,,,,,,,,,,,,,
PL3.8,6705-0000,Bill Back - Parts,,,,,,,,,,,,, 90.95 ,,,,,,,,,,,,,,,,,,,,,,,,,,,,,,,,,,,,,,,,,,,,,,,,,,,,,,,,,,,,,,,,,,,,,,,,,,,,,,,,,,,,,,,,,,,,,,,,,,,,,,,,,,,,,,,,,,,,,,,,,,,,,,,,,,,,,,,,,,,, -   , -   , 90.95 , -   , -   , -   , -   , -   , -   , -   , -   ,,,,,,,,,,,,,,,,,,
PL3.8,6706-0000,Bill Back - Utilities,,,,,,,,,,,,,, 463.44 ,(463.44),,,,,,,,,,,,,,,,,,,,,,,,,,,,,,,,,,,,,,,,,,,,,,,,,,,,,,,,,,,,,,,,,,,,,,,,,,,,,,,,,,,,,, 226.20 , 511.93 ,,,,,,,,,,,,,,,,,,,,,,,,,,,,,,,,,,,,,,,,,,,,,,,,,,, -   , -   , -   , -   , -   , -   , -   , -   , -   , 738.13 , -   ,,,,,,,,,,,,,,,,,,
PL3.8,7505-0000,Marketing,,,,,,,,, 925.03 , -   ,,,,,,,,,,, 17.17 ,,,,,,,,,,,,,,,,,,,,,,,,,,,,,,,,,,,,,,,,,,,,,,,,,,,,,,,,,,,,,,,,,,,,,,,,,,,,,,,,,,,,,,,,,,,,,,,,,,,,,,,,,,,,,,,,,,,,,,,,,,,,,,,,,,,, -   , -   , 925.03 , 17.17 , -   , -   , -   , -   , -   , -   , -   ,,,,,,,,,,,,,,,,,,
PL3.8,4607-0000,Prior Year CAM Adjustments,,,,, -   ," 5,858.00 ",,,,,,,,,,,,,,,,,,,,,,,,,,,,,,,,,,,,,,,,,,,,,,,,,,,,,,,,,,,,,,,,,,,,,,,,,,,,,,,,,,,,,,,,,,,,,,,,,,,,,,,,,,,,,,,,,,,,,,,,,,,,,,,,,,,,,,,,,,,,,,,,,,, -   ," 5,858.00 ",,,, -   , -   , -   , -   , -   , -   ,,,,,,,,,,,,,,,,,,
PL3.8,,,,840035,NC - Maintenance - Garage and Door,,,,,,,,,,,,,,,,,,,,,,,,,,,,,,,,,,,,,,,,,,,,,,,,,,,,,,,,,,,,,,,,,,,,,,,,,,,,,,,,,,,,,,,,,,,,,,,,,,,,,,,,,,,,,,,,,,,,,,,,,,,,,,,,,,,,,,,,,,,,,,,,,,,,,, -   , -   , -   , -   , -   , -   , -   , -   , -   , -   , -   ,,,,,,,,,,,,,,,,,,
PL3.8,,,,840075,NC - Maintenance - HVAC Contract,,,,,,,,,,,,,,,,,,,,,,,,,,,,,,,,,,,,,,,,,,,,,,,,,,,,,,,,,,,,,,,,,,,,,,,,,,,,,,,,,,,,,,,,,,,,,,,," 15,930.85 ","(15,282.00)", -   ,,,,,,,,,,,,,,,,,,,,,,,,,,,,,,,,,,,,,,,,,,,,,,,,,,,, -   , -   , -   , -   , -   , -   , -   , -   , -   , 648.85 , -   ,,,,,,,,,,,,,,,,,,
PL3.2,8150-0000,Amortization Exp-Organizational,,900025,Amortization - Organizational,, -   , 965.52 ,, 80.46 , 80.46 , 80.46 , 80.46 , 80.46 , 80.46 , 80.46 , 80.46 , 80.46 , 80.46 , 80.46 , 80.46 ,, 80.46 , 80.46 , 80.46 , 80.46 , 80.46 , 80.46 , 80.46 , 80.46 , 80.46 , 80.46 , 80.46 , 80.46 ,, 80.46 , 80.46 , 80.46 , 80.46 , 80.46 , 80.46 , 80.46 , 80.46 , 80.46 , 80.46 , 80.46 , 80.46 ,, 80.46 , 80.46 , 80.46 , 80.46 , 80.46 , 80.46 , 80.46 , 80.46 , 80.46 , 80.46 , 80.46 , 80.46 ,, 80.46 , 80.46 , 80.46 , 80.46 , 80.46 , 80.46 , 80.46 , 80.46 , 80.46 , 80.46 , 80.46 , 80.46 ,, 80.46 , 80.46 , 80.46 , 80.46 , 80.46 , 80.46 , 80.46 , 80.46 , 80.46 , 80.46 , 80.46 , 80.46 ,, 80.46 , 80.46 , 80.46 , 80.46 , 80.46 , 80.46 , 80.46 , 80.46 , 80.46 , 80.46 , 80.46 , 80.46 ,, 80.46 , 80.46 , 80.46 , 80.46 , 80.46 , 80.46 , 80.46 , 80.46 , 80.46 , 80.46 , 80.46 , 80.46 ,, 80.46 , 80.46 , 80.46 , 80.46 , 80.46 , 80.46 , 79.96 ,,,,,,,,=Amortization - Organizational + Amort PPD Loan,,,,,,,,,,,,,,,,,,,,,,,,,,, -   , 965.52 , 643.68 , 643.68 , 643.68 , 643.68 , 643.68 , 643.68 , 643.68 , 643.68 , 562.72 ,,,,,,,,,,,,,,,,,,
PL3.2,8150-0001,Amortization Exp-Other Assets,,900035,Amortization - PPD Loan,,,,,, 545.45 , 545.45 , 545.45 , 545.45 , 545.45 , 545.45 , 545.45 , 545.45 , 545.45 , 545.45 , 545.50 ,,,,,,,,,,,,,,,,,,,,,,,,,,,,,,,,,,,,,,,,,,,,,,,,,,,,,,,,,,,,,,,,,,,,,,,,,,,,,,,,,,,,,,,,,, 23.20 , 23.20 ,, 23.20 , 23.20 , 23.20 , 23.20 , 23.20 , 23.20 , 23.20 ," 5,109.59 ",,,,,,,,,,,,,,,,,,,,,,,,,,,,,,,,,, -   , -   ," 3,818.15 ", -   , -   , -   , -   , -   , -   , -   ," 5,271.99 ",,,,,,,,,,,,,,,,,,
PL3.2,8180-0000,Depreciation Expense,,900310,Depreciation - Building,," 37,766.70 "," 89,674.56 ",," 7,472.88 "," 7,472.88 "," 7,472.88 "," 7,472.88 "," 7,472.88 "," 7,472.88 "," 7,472.88 "," 7,472.88 "," 7,472.88 "," 7,472.88 "," 7,472.88 "," 7,472.88 ",," 7,472.88 "," 7,472.88 "," 7,472.88 "," 7,472.88 "," 7,472.88 "," 7,472.88 "," 7,472.88 "," 7,472.88 "," 7,472.88 "," 7,472.88 "," 7,472.88 "," 7,472.88 ",," 7,472.88 "," 7,472.88 "," 7,472.88 "," 7,472.88 "," 7,472.88 "," 7,472.88 "," 7,472.88 "," 7,472.88 "," 7,472.88 "," 7,472.88 "," 7,472.88 "," 7,472.88 ",," 7,472.88 "," 7,472.88 "," 7,472.88 "," 7,472.88 "," 7,472.88 "," 7,472.88 "," 7,472.88 "," 7,472.88 "," 7,472.88 "," 7,472.88 "," 7,472.88 "," 7,472.88 ",," 7,472.88 "," 7,472.88 "," 7,472.88 "," 7,472.88 "," 7,472.88 "," 7,472.88 "," 7,472.88 "," 7,472.88 "," 7,472.88 "," 7,472.88 "," 7,472.88 "," 7,472.88 ",," 7,472.88 "," 7,472.88 "," 7,472.88 "," 7,472.88 "," 7,472.88 "," 7,472.88 "," 7,472.88 "," 7,472.88 "," 7,472.88 "," 7,472.88 "," 7,472.88 "," 7,472.88 ",," 7,472.88 "," 7,472.88 "," 7,472.88 "," 7,472.88 "," 7,472.88 "," 7,472.88 "," 7,472.88 "," 7,472.88 "," 7,472.88 "," 7,472.88 "," 7,472.88 "," 7,472.88 ",," 7,472.88 "," 7,472.88 "," 7,472.88 "," 7,472.88 "," 7,472.88 "," 7,472.88 "," 7,472.88 "," 7,472.88 "," 7,472.88 "," 7,472.88 "," 7,472.88 "," 7,472.88 ",," 7,472.88 "," 7,472.88 "," 7,472.88 "," 7,472.88 "," 14,973.96 "," 8,723.06 "," 8,723.06 "," 8,723.06 ",,,,,,,,,,,,,,,,,,,,,,,,,,,,,,,,,," 37,766.70 "," 89,674.56 "," 59,783.04 "," 59,783.04 "," 59,783.04 "," 59,783.04 "," 59,783.04 "," 59,783.04 "," 59,783.04 "," 59,783.04 "," 71,034.66 ",,,,,,,,,,,,,,,,,,
PL3.2,8180-0000,Depreciation Expense,,900355,Depreciation - Parking Lot,,,,,,,,,,,,,,,,,,,,,,,,,,,,,,,,,,,,,,,,,,,,,,,,,,,,,,,,,,,,,,,,,,,,,,,,,,,,,,,,,,,,,,,,,,,,,,,,,,,,,,,,,, 939.53 , 313.80 ,, 313.80 , 313.80 , 313.80 , 313.80 , 313.80 , 313.80 , 313.80 , 313.80 ,,,,,,,,,,,,,,,,,,,,,,,,,,,,,,,,,, -   , -   , -   , -   , -   , -   , -   , -   , -   , -   ," 2,510.40 ",,,,,,,,,,,,,,,,,,
PL3.2,8180-0001,Depreciation Expense TI,,900360,Depreciation - TI-1,,,,," 2,819.21 "," 2,819.21 "," 2,819.21 "," 2,819.21 "," 2,819.21 "," 2,819.21 "," 2,819.21 "," 2,819.21 "," 2,819.21 "," 2,819.21 "," 2,819.21 "," 2,819.21 ",," 2,819.21 "," 2,819.21 "," 2,819.21 "," 2,819.21 "," 2,819.21 "," 2,819.21 "," 2,819.21 "," 2,819.21 "," 2,819.21 "," 2,819.21 "," 2,819.21 "," 2,819.21 ",," 2,819.21 "," 2,819.21 "," 2,819.21 "," 2,819.21 "," 2,819.21 "," 2,819.21 "," 2,819.21 "," 2,819.21 "," 2,819.21 "," 2,819.21 "," 2,819.21 "," 2,819.21 ",," 2,819.21 "," 2,819.21 "," 2,819.21 "," 2,819.21 "," 2,819.21 "," 2,819.21 "," 2,819.21 "," 2,819.21 "," 2,819.21 "," 2,819.21 "," 2,819.34 ",,,,,,,,,,,,,,,,,,,,,,,,,,,,,,,,,," 32,598.60 ",,,,,,,,,,,,,,,,,,,,,,,,,,,,,,,,,,,,,,,,,,,,,,,,,,,,,,,,,,,,,, -   , -   ," 22,553.68 "," 22,553.68 "," 22,553.68 "," 22,553.68 ", -   , -   ," 32,598.60 ", -   , -   ,,,,,,,,,,,,,,,,,,
PL3.2,8180-0002,Depreciation Expense T2,,900365,Depreciation - TI-2,,,,,,,,,,,, 304.81 , 304.81 , 304.81 , 304.81 , 304.81 ,, 304.81 , 304.81 , 304.81 , 304.81 , 304.81 , 304.81 , 304.81 , 304.81 , 304.81 , 304.81 , 304.81 , 304.81 ,, 304.81 , 304.81 , 304.81 , 304.81 , 304.81 , 304.81 , 304.81 , 304.81 , 304.81 , 304.81 , 304.81 , 304.81 ,, 304.81 , 304.81 , 304.81 , 304.81 , 304.81 , 304.81 , 304.81 , 304.81 , 304.81 , 304.81 , 304.81 , 304.81 ,, 304.81 , 304.81 , 304.81 , 304.81 , 304.81 , 304.81 , 304.81 , 304.81 , 304.81 , 304.81 , 304.81 , 304.81 ,, 304.81 , 304.81 , 304.81 , 304.81 , 304.81 , 304.81 , 304.81 , 304.81 , 304.81 , 304.81 , 304.81 , 304.81 ,, 304.81 , 304.81 , 304.81 , 304.81 , 304.81 , 304.81 , 304.81 , 304.81 , 304.81 , 304.81 , 304.81 , 304.81 ,, 304.81 , 304.81 , 304.81 , 304.81 , 304.81 , 304.81 , 304.81 , 304.81 , 304.81 , 304.81 , 304.81 , 304.81 ,, 304.81 , 304.81 , 304.81 , 304.81 , 304.81 , 304.81 , 304.81 , 304.81 ,,,,,,,=Depreciation - Renovations,,,,,,,,,,,,,,,,,,,,,,,,,,, -   , -   , 304.81 ," 2,438.48 "," 2,438.48 "," 2,438.48 "," 2,438.48 "," 2,438.48 "," 2,438.48 "," 2,438.48 "," 2,438.48 ",,,,,,,,,,,,,,,,,,
PL3.2,8180-0003,Depreciation Expense - Heating & Cooling Fixtures,,900315,Depreciation - Heating & Cooling,,,,,,,,,,, 126.79 , 126.79 , 126.79 , 126.79 , 126.79 , 126.79 ,, 126.79 , 126.79 , 126.79 , 126.79 , 126.79 , 126.79 , 126.79 , 126.79 , 126.79 , 126.79 , 126.79 , 126.79 ,, 126.79 , 126.79 , 126.79 , 126.79 , 126.79 , 126.79 , 126.79 , 126.79 , 126.79 , 126.79 , 126.79 , 126.79 ,, 126.79 , 126.79 , 126.79 , 126.79 , 126.79 , 126.79 , 126.79 , 126.79 , 126.79 , 126.79 , 126.79 , 126.79 ,, 126.79 , 126.79 , 126.79 , 126.79 , 126.79 , 126.79 , 126.79 , 126.79 , 126.79 , 193.21 , 160.00 , 160.00 ,, 160.00 , 160.00 , 160.00 , 160.00 , 160.00 , 160.00 , 160.00 , 160.00 , 160.00 , 160.00 , 160.00 , 160.00 ,, 160.00 , 160.00 , 160.00 , 160.00 , 160.00 , 160.00 , 160.00 , 160.00 , 160.00 , 160.00 , 160.00 , 160.00 ,, 160.00 , 332.79 , 246.39 , 246.39 , 246.39 , 246.39 , 119.60 , 119.60 , 119.60 , 119.60 , 119.60 , 119.60 ,, 119.60 , 119.60 , 119.60 , 119.60 , 119.60 , 119.60 , 119.60 , 119.60 ,,,,,,,=Depreciation - Appliances,,,,,,,,,,,,,,,,,,,,,,,,,,, -   , -   , 253.58 ," 1,014.32 "," 1,014.32 "," 1,014.32 "," 1,014.32 "," 1,280.00 "," 1,280.00 "," 1,717.55 ", 956.80 ,,,,,,,,,,,,,,,,,,
PL3.1,8510-0000,Interest Expense,,900615,Interest - Mortgage,," 48,311.28 "," 112,445.28 ",," 9,365.64 "," 8,435.50 "," 9,307.93 "," 8,978.08 "," 9,247.72 "," 8,922.53 "," 9,189.18 "," 9,160.25 "," 8,837.60 "," 9,101.15 "," 8,781.16 "," 9,041.67 ",," 9,012.26 "," 8,114.40 "," 8,952.42 "," 8,632.87 "," 8,889.89 "," 8,574.18 "," 8,827.06 "," 8,797.99 "," 8,485.88 "," 8,738.55 "," 8,424.30 "," 8,674.72 ",," 8,645.13 "," 8,058.66 "," 8,581.84 "," 8,275.09 "," 8,520.07 "," 8,214.13 "," 8,454.81 "," 8,424.53 "," 8,123.39 "," 8,359.69 "," 8,060.43 "," 8,296.52 ",," 8,265.72 "," 7,436.05 "," 8,198.16 "," 7,904.67 "," 8,133.98 "," 7,839.26 "," 8,070.48 "," 8,034.71 "," 7,743.90 "," 7,966.24 "," 7,679.53 "," 7,901.70 ",," 7,868.59 "," 7,077.12 "," 7,799.60 "," 7,516.73 "," 7,731.82 "," 7,449.84 "," 7,661.37 "," 7,629.71 "," 7,560.77 "," 7,211.80 "," 7,289.36 "," 7,628.29 ",," 7,457.11 "," 6,708.71 "," 7,384.41 "," 7,113.69 "," 7,312.87 "," 7,043.05 "," 7,244.27 "," 7,206.76 "," 6,939.99 "," 7,136.30 "," 6,870.49 "," 7,066.61 ",," 7,028.48 "," 6,540.17 "," 6,957.40 "," 6,694.47 "," 6,881.81 "," 6,625.75 "," 6,808.17 "," 6,770.36 "," 6,518.67 "," 6,698.37 "," 6,444.11 "," 6,623.55 ",," 6,586.31 "," 6,586.31 "," 5,920.00 "," 6,509.42 "," 6,263.05 "," 6,435.88 "," 6,201.46 "," 6,361.92 "," 6,320.09 "," 6,078.02 "," 7,781.62 "," 8,540.51 ",," 8,630.76 "," 8,606.89 "," 7,715.11 "," 8,475.50 "," 8,140.92 "," 8,119.55 "," 8,016.76 "," 7,741.67 ",,,,,,,,,,,,,,,,,,,,,,,,,,,,,,,,,," 48,311.28 "," 112,445.28 "," 72,606.83 "," 69,801.07 "," 67,174.26 "," 63,883.03 "," 60,734.78 "," 57,470.87 "," 54,306.61 "," 50,864.35 "," 65,447.16 ",,,,,,,,,,,,,,,,,,
PL2.7,8610-0000,Owners Building Management Fee,,600301,CAM - Management Fees - Owners,," 5,315.90 "," 17,466.10 ",," 1,142.87 "," 1,142.87 "," 1,339.17 "," 1,336.38 "," 1,339.17 "," 1,417.87 "," 1,515.27 "," 1,518.27 "," 1,553.58 "," 1,518.27 "," 1,375.26 "," 1,364.16 ",," 1,990.93 "," 2,358.23 ", 914.70 ," 3,489.69 "," 3,138.12 "," 2,531.51 "," 2,164.67 "," 2,910.35 "," 2,393.67 "," 2,068.99 "," 2,697.81 "," 2,162.45 ",," 2,436.11 "," 2,162.37 "," 2,127.31 "," 1,798.01 "," 2,604.33 "," 2,876.50 "," 2,985.03 "," 2,835.21 "," 2,627.01 "," 1,506.27 "," 1,118.92 ","(16,524.55)",," 1,445.95 "," 1,703.62 "," 1,576.24 "," 1,576.24 "," 1,576.24 "," 1,243.96 "," 1,576.24 "," 1,576.24 "," 1,576.24 "," 1,576.24 "," 1,576.24 "," 1,596.37 ",," 1,600.98 "," 1,551.72 "," 1,603.98 "," 1,603.98 "," 1,486.98 "," 1,603.98 "," 1,603.98 "," 1,603.98 "," 1,603.98 "," 1,603.98 "," 1,603.98 "," 1,663.55 ",," 1,697.92 "," 1,701.01 "," 1,701.01 "," 1,701.01 "," 1,701.01 "," 1,438.43 "," 1,043.80 ", 988.95 ," 1,043.80 "," 1,043.80 "," 1,043.80 "," 1,043.80 ",," 1,078.03 ", 891.64 , 891.64 ," 1,058.72 "," 1,058.72 "," 1,136.05 "," 1,128.81 "," 1,353.77 "," 1,353.77 "," 1,353.77 "," 1,353.77 "," 1,353.77 ",," 1,702.07 "," 1,702.07 "," 1,702.07 "," 1,702.07 "," 1,702.07 "," 1,737.89 "," 1,746.60 ", 738.82 ," 1,746.60 "," 1,746.60 "," 1,746.60 "," 1,746.60 ",," 1,734.03 "," 1,734.03 "," 1,734.03 "," 1,734.03 "," 1,281.45 "," 1,281.45 ", 461.63 ," 3,989.07 ",,,,,,,,,,,,,,,,,,,,,,,,,,,,,,,,,," 5,315.90 "," 17,466.10 "," 10,751.87 "," 19,498.20 "," 19,824.87 "," 12,274.73 "," 12,659.58 "," 11,973.14 "," 8,597.38 "," 12,733.66 "," 13,949.72 ",,,,,,,,,,,,,,,,,,
,,,,,,,,,,,,,,,,,,,,,,,,,,,,,,,,,,,,,,,,,,,,,,,,,,,,,,,,,,,,,,,,,,,,,,,,,,,,,,,,,,,,,,,,,,,,,,,,,,,,,,,,,,,,,,,,,,,,,,,,,,,,,,,,,,,,,,,,,,,,,,,,,,,,,,,,,,,,,,,,,,,,,,,,,,,,,,,,,,,,,,,
,,,,,,,,,,,,,,,,,,,,,,,,,,,,,,,,,,,,,,,,,,,,,,,,,,,,,,,,,,,,,,,,,,,,,,,,,,,,,,,,,,,,,,,,,,,,,,,,,,,,,,,,,,,,,,,,,,,,,,,,,,,,,,,,,,,,,,,,,,,,,,,,,,,,,,,,,,,,,,,,,,,,,,,,,,,,,,,,,,,,,,,
,,,,,,,,,,,,,,,,,,,,,,,,,,,,,,,,,,,,,,,,,,,,,,,,,,,,,,,,,,,,,,,,,,,,,,,,,,,,,,,,,,,,,,,,,,,,,,,,,,,,,,,,,,,,,,,,,,,,,,,,,,,,,,,,,,,,,,,,,,,,,,,,,,,,,,,,,,,,,,,,,,,,,,,,,,,,,,,,,,,,,,,
,,,,,,,,,,,,,,,,,,,,,,,,,,,,,,,,,,,,,,,,,,,,,,,,,,,,,,,,,,,,,,,,,,,,,,,,,,,,,,,,,,,,,,,,,,,,,,,,,,,,,,,,,,,,,,,,,,,,,,,,,,,,,,,,,,,,,,,,,,,,,,,,,,,,,,,,,,,,,,,,,,,,,,,,,,,,,,,,,,,,,,,
PL3.2,,Depreciation & Amortization,,,,,,,,,,,,,,,,,,,,,,,,,,,,,,,,,,,,,,,,,,,,,,,,,,,,,,,,,,,,,,,,,,,,,,,,,,,,,,,,,,,,,,,,,,,,,,,,,,,,,,,,,,,,,,,,,,,,,,,,,,,,,,,,,,,,,,,,,,,,,,,,,,,,,,,,, 37.77 , 90.64 , 87.36 , 86.43 , 86.43 , 86.43 , 63.88 , 64.15 , 96.74 , 64.58 , 82.78 ,,,,,,,,,,,,,,,,,,
PL3.1,,Interest Expense,,,,,,,,,,,,,,,,,,,,,,,,,,,,,,,,,,,,,,,,,,,,,,,,,,,,,,,,,,,,,,,,,,,,,,,,,,,,,,,,,,,,,,,,,,,,,,,,,,,,,,,,,,,,,,,,,,,,,,,,,,,,,,,,,,,,,,,,,,,,,,,,,,,,,,,,, 48.31 , 112.45 , 72.61 , 69.80 , 67.17 , 63.88 , 60.73 , 57.47 , 54.31 , 50.86 , 65.45 ,,,,,,,,,,,,,,,,,,
BSA2,,Trade Receivable,,,,,,,,,,,,,,,,,,,,,,,,,,,,,,,,,,,,,,,,,,,,,,,,,,,,,,,,,,,,,,,,,,,,,,,,,,,,,,,,,,,,,,,,,,,,,,,,,,,,,,,,,,,,,,,,,,,,,,,,,,,,,,,,,,,,,,,,,,,,,,,,,,,,,,,,, -   , -   , -   , 2.78 ,(18.36), 16.30 ,(1.64),(0.03), 2.28 , 36.04 ,(29.97),,,,,,,,,,,,,,,,,,
BSA3,,Trade Receivable,,,,,,,,,,,,,,,,,,,,,,,,,,,,,,,,,,,,,,,,,,,,,,,,,,,,,,,,,,,,,,,,,,,,,,,,,,,,,,,,,,,,,,,,,,,,,,,,,,,,,,,,,,,,,,,,,,,,,,,,,,,,,,,,,,,,,,,,,,,,,,,,,,,,,,,,,(10.53),(7.68), 19.39 , 0.50 , -   , -   , -   , -   , -   , -   , -   ,,,,,,,,,,,,,,,,,,
BSA4,,Prepaids & Deposits,,,,,,,,,,,,,,,,,,,,,,,,,,,,,,,,,,,,,,,,,,,,,,,,,,,,,,,,,,,,,,,,,,,,,,,,,,,,,,,,,,,,,,,,,,,,,,,,,,,,,,,,,,,,,,,,,,,,,,,,,,,,,,,,,,,,,,,,,,,,,,,,,,,,,,,,,(6.47),(0.65),(54.05),(17.03), 0.76 , 15.84 , 7.36 , 7.63 ,(29.76),(2.11),(3.40),,,,,,,,,,,,,,,,,,
BSL1,,Trade Payable,,,,,,,,,,,,,,,,,,,,,,,,,,,,,,,,,,,,,,,,,,,,,,,,,,,,,,,,,,,,,,,,,,,,,,,,,,,,,,,,,,,,,,,,,,,,,,,,,,,,,,,,,,,,,,,,,,,,,,,,,,,,,,,,,,,,,,,,,,,,,,,,,,,,,,,,, 5.92 , 64.90 ,(56.47), 3.85 , 2.74 ,(0.17), 0.58 , 23.96 ,(0.10),(0.87), 2.26 ,,,,,,,,,,,,,,,,,,
BSL4,,Customer Advances,,,,,,,,,,,,,,,,,,,,,,,,,,,,,,,,,,,,,,,,,,,,,,,,,,,,,,,,,,,,,,,,,,,,,,,,,,,,,,,,,,,,,,,,,,,,,,,,,,,,,,,,,,,,,,,,,,,,,,,,,,,,,,,,,,,,,,,,,,,,,,,,,,,,,,,,, 26.18 ,(26.18), 30.82 , 17.96 , 5.70 , 1.17 ,(5.43),(24.99), 1.90 , 3.43 , 26.50 ,,,,,,,,,,,,,,,,,,
BSL2,,Accrued Expenses,,,,,,,,,,,,,,,,,,,,,,,,,,,,,,,,,,,,,,,,,,,,,,,,,,,,,,,,,,,,,,,,,,,,,,,,,,,,,,,,,,,,,,,,,,,,,,,,,,,,,,,,,,,,,,,,,,,,,,,,,,,,,,,,,,,,,,,,,,,,,,,,,,,,,,,,, 9.73 ,(0.34), 1.11 ,(0.67),(3.94), -   , -   , 7.21 ,(0.30),(0.04), -   ,,,,,,,,,,,,,,,,,,
BSL3,,Accrued Expenses,,,,,,,,,,,,,,,,,,,,,,,,,,,,,,,,,,,,,,,,,,,,,,,,,,,,,,,,,,,,,,,,,,,,,,,,,,,,,,,,,,,,,,,,,,,,,,,,,,,,,,,,,,,,,,,,,,,,,,,,,,,,,,,,,,,,,,,,,,,,,,,,,,,,,,,,, 125.50 , 6.27 , 24.90 , 16.39 , 20.53 , 21.33 , 20.72 , 30.53 , 25.52 , 21.10 , 43.55 ,,,,,,,,,,,,,,,,,,
BSL5,,Other Current Assets & Liabilities,,,,,,,,,,,,,,,,,,,,,,,,,,,,,,,,,,,,,,,,,,,,,,,,,,,,,,,,,,,,,,,,,,,,,,,,,,,,,,,,,,,,,,,,,,,,,,,,,,,,,,,,,,,,,,,,,,,,,,,,,,,,,,,,,,,,,,,,,,,,,,,,,,,,,,,,, 14.10 ,(14.10), -   ,(3.85),(0.25),(0.26),(0.27),(7.87),(1.60),(3.45), 297.36 ,,,,,,,,,,,,,,,,,,
BSA12,,Capital Assets & Investments,,,,,,,,,,,,,,,,,,,,,,,,,,,,,,,,,,,,,,,,,,,,,,,,,,,,,,,,,,,,,,,,,,,,,,,,,,,,,,,,,,,,,,,,,,,,,,,,,,,,,,,,,,,,,,,,,,,,,,,,,,,,,,,,,,,,,,,,,,,,,,,,,,,,,,,,,"(3,832.99)",(132.50),(52.62), 0.00 , 0.00 , 0.00 , -   , 0.00 ,(55.80),(29.80),(307.36),,,,,,,,,,,,,,,,,,
BSL11,,Bank Loan,,,,,,,,,,,,,,,,,,,,,,,,,,,,,,,,,,,,,,,,,,,,,,,,,,,,,,,,,,,,,,,,,,,,,,,,,,,,,,,,,,,,,,,,,,,,,,,,,,,,,,,,,,,,,,,,,,,,,,,,,,,,,,,,,,,,,,,,,,,,,,,,,,,,,,,,," 3,006.08 ",(104.73),(72.17),(74.96),(77.58),(80.86),(84.00),(87.25),(90.41),(94.11),(114.98),,,,,,,,,,,,,,,,,,
BSL6,,Receipts From (Payments To) Arcamed LLC,,,,,,,,,,,,,,,,,,,,,,,,,,,,,,,,,,,,,,,,,,,,,,,,,,,,,,,,,,,,,,,,,,,,,,,,,,,,,,,,,,,,,,,,,,,,,,,,,,,,,,,,,,,,,,,,,,,,,,,,,,,,,,,,,,,,,,,,,,,,,,,,,,,,,,,,, -   , 50.00 , 127.00 , -   ,(68.00),(175.00), -   , -   , 95.00 ,(67.70), -   ,,,,,,,,,,,,,,,,,,
BSE1,,Shareholders' Loans and Treasury Stocks,,,,,,,,,,,,,,,,,,,,,,,,,,,,,,,,,,,,,,,,,,,,,,,,,,,,,,,,,,,,,,,,,,,,,,,,,,,,,,,,,,,,,,,,,,,,,,,,,,,,,,,,,,,,,,,,,,,,,,,,,,,,,,,,,,,,,,,,,,,,,,,,,,,,,,,,, 716.60 , -   , -   , -   , -   , -   , -   , -   , -   , -   , -   ,,,,,,,,,,,,,,,,,,
,,Cash & Equivalents - Beginning Balance,,,,,,,,,,,,,,,,,,,,,,,,,,,,,,,,,,,,,,,,,,,,,,,,,,,,,,,,,,,,,,,,,,,,,,,,,,,,,,,,,,,,,,,,,,,,,,,,,,,,,,,,,,,,,,,,,,,,,,,,,,,,,,,,,,,,,,,,,,,,,,,,,,,,,,,,, -   , 50.62 , 3.44 , 35.89 , 65.77 , 152.32 , 71.51 , 129.24 , 35.54 , 48.32 , 379.14 ,,,,,,,,,,,,,,,,,,
,,,,,,,,,,,,,,,,,,,,,,,,,,,,,,,,,,,,,,,,,,,,,,,,,,,,,,,,,,,,,,,,,,,,,,,,,,,,,,,,,,,,,,,,,,,,,,,,,,,,,,,,,,,,,,,,,,,,,,,,,,,,,,,,,,,,,,,,,,,,,,,,,,,,,,,,,,,,,,,,,,,,,,,,,,,,,,,,,,,,,,,
,,,,,,,,,,,,,,,,,,,,,,,,,,,,,,,,,,,,,,,,,,,,,,,,,,,,,,,,,,,,,,,,,,,,,,,,,,,,,,,,,,,,,,,,,,,,,,,,,,,,,,,,,,,,,,,,,,,,,,,,,,,,,,,,,,,,,,,,,,,,,,,,,,,,,,,,,,,,,,,,,,,,,,,,,,,,,,,,,,,,,,,
,,,,,,,,,,,,,,,,,,,,,,,,,,,,,,,,,,,,,,,,,,,,,,,,,,,,,,,,,,,,,,,,,,,,,,,,,,,,,,,,,,,,,,,,,,,,,,,,,,,,,,,,,,,,,,,,,,,,,,,,,,,,,,,,,,,,,,,,,,,,,,,,,,,,,,,,,,,,,,,,,,,,,,,,,,,,,,,,,,,,,,,
,,,,,,,,,,,,,,,,,,,,,,,,,,,,,,,,,,,,,,,,,,,,,,,,,,,,,,,,,,,,,,,,,,,,,,,,,,,,,,,,,,,,,,,,,,,,,,,,,,,,,,,,,,,,,,,,,,,,,,,,,,,,,,,,,,,,,,,,,,,,,,,,,,,,,,,,,,,,,,,,,,,,,,,,,,,,,,,,,,,,,,,
,,,,,,,,,,,,,,,,,,,,,,,,,,,,,,,,,,,,,,,,,,,,,,,,,,,,,,,,,,,,,,,,,,,,,,,,,,,,,,,,,,,,,,,,,,,,,,,,,,,,,,,,,,,,,,,,,,,,,,,,,,,,,,,,,,,,,,,,,,,,,,,,,,,,,,,,,,,,,,,,,,,,,,,,,,,,,,,,,,,,,,,
,,,,,,,,,,,,,,,,,,,,,,,,,,,,,,,,,,,,,,,,,,,,,,,,,,,,,,,,,,,,,,,,,,,,,,,,,,,,,,,,,,,,,,,,,,,,,,,,,,,,,,,,,,,,,,,,,,,,,,,,,,,,,,,,,,,,,,,,,,,,,,,,,,,,,,,,,,,,,,,,,,,,,,,,,,,,,,,,,,,,,,,
,,,,,,,,,,,,,,,,,,,,,,,,,,,,,,,,,,,,,,,,,,,,,,,,,,,,,,,,,,,,,,,,,,,,,,,,,,,,,,,,,,,,,,,,,,,,,,,,,,,,,,,,,,,,,,,,,,,,,,,,,,,,,,,,,,,,,,,,,,,,,,,,,,,,,,,,,,,,,,,,,,,,,,,,,,,,,,,,,,,,,,,
,,,,,,,,,,,,,,,,,,,,,,,,,,,,,,,,,,,,,,,,,,,,,,,,,,,,,,,,,,,,,,,,,,,,,,,,,,,,,,,,,,,,,,,,,,,,,,,,,,,,,,,,,,,,,,,,,,,,,,,,,,,,,,,,,,,,,,,,,,,,,,,,,,,,,,,,,,,,,,,,,,,,,,,,,,,,,,,,,,,,,,,
,,,,,,,,,,,,,,,,,,,,,,,,,,,,,,,,,,,,,,,,,,,,,,,,,,,,,,,,,,,,,,,,,,,,,,,,,,,,,,,,,,,,,,,,,,,,,,,,,,,,,,,,,,,,,,,,,,,,,,,,,,,,,,,,,,,,,,,,,,,,,,,,,,,,,,,,,,,,,,,,,,,,,,,,,,,,,,,,,,,,,,,
,,,,,,,,,,,,,,,,,,,,,,,,,,,,,,,,,,,,,,,,,,,,,,,,,,,,,,,,,,,,,,,,,,,,,,,,,,,,,,,,,,,,,,,,,,,,,,,,,,,,,,,,,,,,,,,,,,,,,,,,,,,,,,,,,,,,,,,,,,,,,,,,,,,,,,,,,,,,,,,,,,,,,,,,,,,,,,,,,,,,,,,
,,,,,,,,,,,,,,,,,,,,,,,,,,,,,,,,,,,,,,,,,,,,,,,,,,,,,,,,,,,,,,,,,,,,,,,,,,,,,,,,,,,,,,,,,,,,,,,,,,,,,,,,,,,,,,,,,,,,,,,,,,,,,,,,,,,,,,,,,,,,,,,,,,,,,,,,,,,,,,,,,,,,,,,,,,,,,,,,,,,,,,,
,,,,,,,,,,,,,,,,,,,,,,,,,,,,,,,,,,,,,,,,,,,,,,,,,,,,,,,,,,,,,,,,,,,,,,,,,,,,,,,,,,,,,,,,,,,,,,,,,,,,,,,,,,,,,,,,,,,,,,,,,,,,,,,,,,,,,,,,,,,,,,,,,,,,,,,,,,,,,,,,,,,,,,,,,,,,,,,,,,,,,,,
,,,,,,,,,,,,,,,,,,,,,,,,,,,,,,,,,,,,,,,,,,,,,,,,,,,,,,,,,,,,,,,,,,,,,,,,,,,,,,,,,,,,,,,,,,,,,,,,,,,,,,,,,,,,,,,,,,,,,,,,,,,,,,,,,,,,,,,,,,,,,,,,,,,,,,,,,,,,,,,,,,,,,,,,,,,,,,,,,,,,,,,
,,,,,,,,,,,,,,,,,,,,,,,,,,,,,,,,,,,,,,,,,,,,,,,,,,,,,,,,,,,,,,,,,,,,,,,,,,,,,,,,,,,,,,,,,,,,,,,,,,,,,,,,,,,,,,,,,,,,,,,,,,,,,,,,,,,,,,,,,,,,,,,,,,,,,,,,,,,,,,,,,,,,,,,,,,,,,,,,,,,,,,,
,,,,,,,,,,,,,,,,,,,,,,,,,,,,,,,,,,,,,,,,,,,,,,,,,,,,,,,,,,,,,,,,,,,,,,,,,,,,,,,,,,,,,,,,,,,,,,,,,,,,,,,,,,,,,,,,,,,,,,,,,,,,,,,,,,,,,,,,,,,,,,,,,,,,,,,,,,,,,,,,,,,,,,,,,,,,,,,,,,,,,,,
,,,,,,,,,,,,,,,,,,,,,,,,,,,,,,,,,,,,,,,,,,,,,,,,,,,,,,,,,,,,,,,,,,,,,,,,,,,,,,,,,,,,,,,,,,,,,,,,,,,,,,,,,,,,,,,,,,,,,,,,,,,,,,,,,,,,,,,,,,,,,,,,,,,,,,,,,,,,,,,,,,,,,,,,,,,,,,,,,,,,,,,
,,,,,,,,,,,,,,,,,,,,,,,,,,,,,,,,,,,,,,,,,,,,,,,,,,,,,,,,,,,,,,,,,,,,,,,,,,,,,,,,,,,,,,,,,,,,,,,,,,,,,,,,,,,,,,,,,,,,,,,,,,,,,,,,,,,,,,,,,,,,,,,,,,,,,,,,,,,,,,,,,,,,,,,,,,,,,,,,,,,,,,,
,,,,,,,,,,,,,,,,,,,,,,,,,,,,,,,,,,,,,,,,,,,,,,,,,,,,,,,,,,,,,,,,,,,,,,,,,,,,,,,,,,,,,,,,,,,,,,,,,,,,,,,,,,,,,,,,,,,,,,,,,,,,,,,,,,,,,,,,,,,,,,,,,,,,,,,,,,,,,,,,,,,,,,,,,,,,,,,,,,,,,,,
,,,,,,,,,,,,,,,,,,,,,,,,,,,,,,,,,,,,,,,,,,,,,,,,,,,,,,,,,,,,,,,,,,,,,,,,,,,,,,,,,,,,,,,,,,,,,,,,,,,,,,,,,,,,,,,,,,,,,,,,,,,,,,,,,,,,,,,,,,,,,,,,,,,,,,,,,,,,,,,,,,,,,,,,,,,,,,,,,,,,,,,
,,,,,,,,,,,,,,,,,,,,,,,,,,,,,,,,,,,,,,,,,,,,,,,,,,,,,,,,,,,,,,,,,,,,,,,,,,,,,,,,,,,,,,,,,,,,,,,,,,,,,,,,,,,,,,,,,,,,,,,,,,,,,,,,,,,,,,,,,,,,,,,,,,,,,,,,,,,,,,,,,,,,,,,,,,,,,,,,,,,,,,,
,,,,,,,,,,,,,,,,,,,,,,,,,,,,,,,,,,,,,,,,,,,,,,,,,,,,,,,,,,,,,,,,,,,,,,,,,,,,,,,,,,,,,,,,,,,,,,,,,,,,,,,,,,,,,,,,,,,,,,,,,,,,,,,,,,,,,,,,,,,,,,,,,,,,,,,,,,,,,,,,,,,,,,,,,,,,,,,,,,,,,,,
,,,,,,,,,,,,,,,,,,,,,,,,,,,,,,,,,,,,,,,,,,,,,,,,,,,,,,,,,,,,,,,,,,,,,,,,,,,,,,,,,,,,,,,,,,,,,,,,,,,,,,,,,,,,,,,,,,,,,,,,,,,,,,,,,,,,,,,,,,,,,,,,,,,,,,,,,,,,,,,,,,,,,,,,,,,,,,,,,,,,,,,
,,,,,,,,,,,,,,,,,,,,,,,,,,,,,,,,,,,,,,,,,,,,,,,,,,,,,,,,,,,,,,,,,,,,,,,,,,,,,,,,,,,,,,,,,,,,,,,,,,,,,,,,,,,,,,,,,,,,,,,,,,,,,,,,,,,,,,,,,,,,,,,,,,,,,,,,,,,,,,,,,,,,,,,,,,,,,,,,,,,,,,,
,,,,,,,,,,,,,,,,,,,,,,,,,,,,,,,,,,,,,,,,,,,,,,,,,,,,,,,,,,,,,,,,,,,,,,,,,,,,,,,,,,,,,,,,,,,,,,,,,,,,,,,,,,,,,,,,,,,,,,,,,,,,,,,,,,,,,,,,,,,,,,,,,,,,,,,,,,,,,,,,,,,,,,,,,,,,,,,,,,,,,,,
,,,,,,,,,,,,,,,,,,,,,,,,,,,,,,,,,,,,,,,,,,,,,,,,,,,,,,,,,,,,,,,,,,,,,,,,,,,,,,,,,,,,,,,,,,,,,,,,,,,,,,,,,,,,,,,,,,,,,,,,,,,,,,,,,,,,,,,,,,,,,,,,,,,,,,,,,,,,,,,,,,,,,,,,,,,,,,,,,,,,,,,
,,,,,,,,,,,,,,,,,,,,,,,,,,,,,,,,,,,,,,,,,,,,,,,,,,,,,,,,,,,,,,,,,,,,,,,,,,,,,,,,,,,,,,,,,,,,,,,,,,,,,,,,,,,,,,,,,,,,,,,,,,,,,,,,,,,,,,,,,,,,,,,,,,,,,,,,,,,,,,,,,,,,,,,,,,,,,,,,,,,,,,,
,,,,,,,,,,,,,,,,,,,,,,,,,,,,,,,,,,,,,,,,,,,,,,,,,,,,,,,,,,,,,,,,,,,,,,,,,,,,,,,,,,,,,,,,,,,,,,,,,,,,,,,,,,,,,,,,,,,,,,,,,,,,,,,,,,,,,,,,,,,,,,,,,,,,,,,,,,,,,,,,,,,,,,,,,,,,,,,,,,,,,,,
,,,,,,,,,,,,,,,,,,,,,,,,,,,,,,,,,,,,,,,,,,,,,,,,,,,,,,,,,,,,,,,,,,,,,,,,,,,,,,,,,,,,,,,,,,,,,,,,,,,,,,,,,,,,,,,,,,,,,,,,,,,,,,,,,,,,,,,,,,,,,,,,,,,,,,,,,,,,,,,,,,,,,,,,,,,,,,,,,,,,,,,
,,,,,,,,,,,,,,,,,,,,,,,,,,,,,,,,,,,,,,,,,,,,,,,,,,,,,,,,,,,,,,,,,,,,,,,,,,,,,,,,,,,,,,,,,,,,,,,,,,,,,,,,,,,,,,,,,,,,,,,,,,,,,,,,,,,,,,,,,,,,,,,,,,,,,,,,,,,,,,,,,,,,,,,,,,,,,,,,,,,,,,,
,,,,,,,,,,,,,,,,,,,,,,,,,,,,,,,,,,,,,,,,,,,,,,,,,,,,,,,,,,,,,,,,,,,,,,,,,,,,,,,,,,,,,,,,,,,,,,,,,,,,,,,,,,,,,,,,,,,,,,,,,,,,,,,,,,,,,,,,,,,,,,,,,,,,,,,,,,,,,,,,,,,,,,,,,,,,,,,,,,,,,,,
,,,,,,,,,,,,,,,,,,,,,,,,,,,,,,,,,,,,,,,,,,,,,,,,,,,,,,,,,,,,,,,,,,,,,,,,,,,,,,,,,,,,,,,,,,,,,,,,,,,,,,,,,,,,,,,,,,,,,,,,,,,,,,,,,,,,,,,,,,,,,,,,,,,,,,,,,,,,,,,,,,,,,,,,,,,,,,,,,,,,,,,
,,,,,,,,,,,,,,,,,,,,,,,,,,,,,,,,,,,,,,,,,,,,,,,,,,,,,,,,,,,,,,,,,,,,,,,,,,,,,,,,,,,,,,,,,,,,,,,,,,,,,,,,,,,,,,,,,,,,,,,,,,,,,,,,,,,,,,,,,,,,,,,,,,,,,,,,,,,,,,,,,,,,,,,,,,,,,,,,,,,,,,,
,,,,,,,,,,,,,,,,,,,,,,,,,,,,,,,,,,,,,,,,,,,,,,,,,,,,,,,,,,,,,,,,,,,,,,,,,,,,,,,,,,,,,,,,,,,,,,,,,,,,,,,,,,,,,,,,,,,,,,,,,,,,,,,,,,,,,,,,,,,,,,,,,,,,,,,,,,,,,,,,,,,,,,,,,,,,,,,,,,,,,,,
,,,,,,,,,,,,,,,,,,,,,,,,,,,,,,,,,,,,,,,,,,,,,,,,,,,,,,,,,,,,,,,,,,,,,,,,,,,,,,,,,,,,,,,,,,,,,,,,,,,,,,,,,,,,,,,,,,,,,,,,,,,,,,,,,,,,,,,,,,,,,,,,,,,,,,,,,,,,,,,,,,,,,,,,,,,,,,,,,,,,,,,
,,,,,,,,,,,,,,,,,,,,,,,,,,,,,,,,,,,,,,,,,,,,,,,,,,,,,,,,,,,,,,,,,,,,,,,,,,,,,,,,,,,,,,,,,,,,,,,,,,,,,,,,,,,,,,,,,,,,,,,,,,,,,,,,,,,,,,,,,,,,,,,,,,,,,,,,,,,,,,,,,,,,,,,,,,,,,,,,,,,,,,,
,,,,,,,,,,,,,,,,,,,,,,,,,,,,,,,,,,,,,,,,,,,,,,,,,,,,,,,,,,,,,,,,,,,,,,,,,,,,,,,,,,,,,,,,,,,,,,,,,,,,,,,,,,,,,,,,,,,,,,,,,,,,,,,,,,,,,,,,,,,,,,,,,,,,,,,,,,,,,,,,,,,,,,,,,,,,,,,,,,,,,,,
,,,,,,,,,,,,,,,,,,,,,,,,,,,,,,,,,,,,,,,,,,,,,,,,,,,,,,,,,,,,,,,,,,,,,,,,,,,,,,,,,,,,,,,,,,,,,,,,,,,,,,,,,,,,,,,,,,,,,,,,,,,,,,,,,,,,,,,,,,,,,,,,,,,,,,,,,,,,,,,,,,,,,,,,,,,,,,,,,,,,,,,
,,,,,,,,,,,,,,,,,,,,,,,,,,,,,,,,,,,,,,,,,,,,,,,,,,,,,,,,,,,,,,,,,,,,,,,,,,,,,,,,,,,,,,,,,,,,,,,,,,,,,,,,,,,,,,,,,,,,,,,,,,,,,,,,,,,,,,,,,,,,,,,,,,,,,,,,,,,,,,,,,,,,,,,,,,,,,,,,,,,,,,,
,,,,,,,,,,,,,,,,,,,,,,,,,,,,,,,,,,,,,,,,,,,,,,,,,,,,,,,,,,,,,,,,,,,,,,,,,,,,,,,,,,,,,,,,,,,,,,,,,,,,,,,,,,,,,,,,,,,,,,,,,,,,,,,,,,,,,,,,,,,,,,,,,,,,,,,,,,,,,,,,,,,,,,,,,,,,,,,,,,,,,,,
,,,,,,,,,,,,,,,,,,,,,,,,,,,,,,,,,,,,,,,,,,,,,,,,,,,,,,,,,,,,,,,,,,,,,,,,,,,,,,,,,,,,,,,,,,,,,,,,,,,,,,,,,,,,,,,,,,,,,,,,,,,,,,,,,,,,,,,,,,,,,,,,,,,,,,,,,,,,,,,,,,,,,,,,,,,,,,,,,,,,,,,
,,,,,,,,,,,,,,,,,,,,,,,,,,,,,,,,,,,,,,,,,,,,,,,,,,,,,,,,,,,,,,,,,,,,,,,,,,,,,,,,,,,,,,,,,,,,,,,,,,,,,,,,,,,,,,,,,,,,,,,,,,,,,,,,,,,,,,,,,,,,,,,,,,,,,,,,,,,,,,,,,,,,,,,,,,,,,,,,,,,,,,,
,,,,,,,,,,,,,,,,,,,,,,,,,,,,,,,,,,,,,,,,,,,,,,,,,,,,,,,,,,,,,,,,,,,,,,,,,,,,,,,,,,,,,,,,,,,,,,,,,,,,,,,,,,,,,,,,,,,,,,,,,,,,,,,,,,,,,,,,,,,,,,,,,,,,,,,,,,,,,,,,,,,,,,,,,,,,,,,,,,,,,,,
,,,,,,,,,,,,,,,,,,,,,,,,,,,,,,,,,,,,,,,,,,,,,,,,,,,,,,,,,,,,,,,,,,,,,,,,,,,,,,,,,,,,,,,,,,,,,,,,,,,,,,,,,,,,,,,,,,,,,,,,,,,,,,,,,,,,,,,,,,,,,,,,,,,,,,,,,,,,,,,,,,,,,,,,,,,,,,,,,,,,,,,
,,,,,,,,,,,,,,,,,,,,,,,,,,,,,,,,,,,,,,,,,,,,,,,,,,,,,,,,,,,,,,,,,,,,,,,,,,,,,,,,,,,,,,,,,,,,,,,,,,,,,,,,,,,,,,,,,,,,,,,,,,,,,,,,,,,,,,,,,,,,,,,,,,,,,,,,,,,,,,,,,,,,,,,,,,,,,,,,,,,,,,,
,,,,,,,,,,,,,,,,,,,,,,,,,,,,,,,,,,,,,,,,,,,,,,,,,,,,,,,,,,,,,,,,,,,,,,,,,,,,,,,,,,,,,,,,,,,,,,,,,,,,,,,,,,,,,,,,,,,,,,,,,,,,,,,,,,,,,,,,,,,,,,,,,,,,,,,,,,,,,,,,,,,,,,,,,,,,,,,,,,,,,,,
,,,,,,,,,,,,,,,,,,,,,,,,,,,,,,,,,,,,,,,,,,,,,,,,,,,,,,,,,,,,,,,,,,,,,,,,,,,,,,,,,,,,,,,,,,,,,,,,,,,,,,,,,,,,,,,,,,,,,,,,,,,,,,,,,,,,,,,,,,,,,,,,,,,,,,,,,,,,,,,,,,,,,,,,,,,,,,,,,,,,,,,
